EventId,EventName,IsTeamEvent,EventCategoryId,EventCategoryName,EventDateId,StartTime,EndTime,OrganizationMemberId,FirstName,LastName,Email,Phone,PriceToPay,PaidAmount,UnsubscribeFromMarketingEmails,UnsubscribeFromMarketingTextAlerts,SignedUpOnUtc,CancelledOnUtc
1116968,Summer Kids Clinics - Ages 8-12,,65804,Kids Summer Camp,31010382,2025-07-07T09:00:00,2025-07-07T14:00:00,5887442,REDACTED,REDACTED,REDACTED,REDACTED,,,False,,2025-02-05T16:30:07.733,2025-07-06T14:16:15.643
1116973,Summer Kids Clinics - Ages 8-12,,65804,Kids Summer Camp,31010474,2025-07-14T09:00:00,2025-07-14T14:00:00,5887442,REDACTED,REDACTED,REDACTED,REDACTED,,,False,,2025-02-05T16:31:04.22,2025-05-29T16:35:01.773
1116973,Summer Kids Clinics - Ages 8-12,,65804,Kids Summer Camp,31010475,2025-07-15T09:00:00,2025-07-15T14:00:00,5887442,REDACTED,REDACTED,REDACTED,REDACTED,,,False,,2025-02-05T16:31:04.233,2025-05-29T16:35:01.79
1116973,Summer Kids Clinics - Ages 8-12,,65804,Kids Summer Camp,31010476,2025-07-16T09:00:00,2025-07-16T14:00:00,5887442,REDACTED,REDACTED,REDACTED,REDACTED,,,False,,2025-02-05T16:31:04.237,2025-05-29T16:35:01.79
1116973,Summer Kids Clinics - Ages 8-12,,65804,Kids Summer Camp,31010477,2025-07-17T09:00:00,2025-07-17T14:00:00,5887442,REDACTED,REDACTED,REDACTED,REDACTED,,,False,,2025-02-05T16:31:04.24,2025-05-29T16:35:01.79
1116973,Summer Kids Clinics - Ages 8-12,,65804,Kids Summer Camp,31010478,2025-07-18T09:00:00,2025-07-18T14:00:00,5887442,REDACTED,REDACTED,REDACTED,REDACTED,,,False,,2025-02-05T16:31:04.243,2025-05-29T16:35:01.807
1116980,Summer Kids Clinics - Ages 8-12,,65804,Kids Summer Camp,31430797,2025-07-21T09:00:00,2025-07-21T14:00:00,5887442,REDACTED,REDACTED,REDACTED,REDACTED,,,False,,2025-02-05T16:34:22.523,2025-05-29T16:30:04.817
1116980,Summer Kids Clinics - Ages 8-12,,65804,Kids Summer Camp,31010642,2025-07-28T09:00:00,2025-07-28T14:00:00,5887442,REDACTED,REDACTED,REDACTED,REDACTED,,,False,,2025-02-05T16:34:22.59,2025-07-21T13:36:01.32
1116980,Summer Kids Clinics - Ages 8-12,,65804,Kids Summer Camp,31010643,2025-07-29T09:00:00,2025-07-29T14:00:00,5887442,REDACTED,REDACTED,REDACTED,REDACTED,,,False,,2025-02-05T16:34:22.62,2025-07-21T13:36:01.333
1116980,Summer Kids Clinics - Ages 8-12,,65804,Kids Summer Camp,31010644,2025-07-30T09:00:00,2025-07-30T14:00:00,5887442,REDACTED,REDACTED,REDACTED,REDACTED,,,False,,2025-02-05T16:34:22.643,2025-07-21T13:36:01.333
1116980,Summer Kids Clinics - Ages 8-12,,65804,Kids Summer Camp,31010645,2025-07-31T09:00:00,2025-07-31T14:00:00,5887442,REDACTED,REDACTED,REDACTED,REDACTED,,,False,,2025-02-05T16:34:22.667,2025-07-21T13:36:01.333
1116968,Summer Kids Clinics - Ages 8-12,,65804,Kids Summer Camp,31010382,2025-07-07T09:00:00,2025-07-07T14:00:00,4646405,REDACTED,REDACTED,REDACTED,REDACTED,,,False,,2025-02-05T18:21:08.733,2025-07-01T18:08:54.6
1116968,Summer Kids Clinics - Ages 8-12,,65804,Kids Summer Camp,31010383,2025-07-08T09:00:00,2025-07-08T14:00:00,4646405,REDACTED,REDACTED,REDACTED,REDACTED,,,False,,2025-02-05T18:21:08.763,2025-07-01T18:08:54.663
1116968,Summer Kids Clinics - Ages 8-12,,65804,Kids Summer Camp,31010384,2025-07-09T09:00:00,2025-07-09T14:00:00,4646405,REDACTED,REDACTED,REDACTED,REDACTED,,,False,,2025-02-05T18:21:08.77,2025-07-01T18:08:54.68
1116968,Summer Kids Clinics - Ages 8-12,,65804,Kids Summer Camp,31010385,2025-07-10T09:00:00,2025-07-10T14:00:00,4646405,REDACTED,REDACTED,REDACTED,REDACTED,,,False,,2025-02-05T18:21:08.78,2025-07-01T18:08:54.693
1116968,Summer Kids Clinics - Ages 8-12,,65804,Kids Summer Camp,31010387,2025-07-11T09:00:00,2025-07-11T14:00:00,4646405,REDACTED,REDACTED,REDACTED,REDACTED,,,False,,2025-02-05T18:21:08.79,2025-07-01T18:08:54.71
1116971,Summer Kids Clinics - Ages 5-7,,65804,Kids Summer Camp,31010455,2025-07-14T09:00:00,2025-07-14T14:00:00,4424244,REDACTED,REDACTED,REDACTED,REDACTED,60.0,0.0,False,,2025-02-09T02:55:39.113,2025-05-29T18:15:34.247
1116973,Summer Kids Clinics - Ages 8-12,,65804,Kids Summer Camp,31010474,2025-07-14T09:00:00,2025-07-14T14:00:00,4424244,REDACTED,REDACTED,REDACTED,REDACTED,60.0,0.0,False,,2025-02-09T02:56:23.51,2025-04-03T17:49:21.843
1116971,Summer Kids Clinics - Ages 5-7,,65804,Kids Summer Camp,31010456,2025-07-15T09:00:00,2025-07-15T14:00:00,4424244,REDACTED,REDACTED,REDACTED,REDACTED,60.0,0.0,False,,2025-02-12T21:21:47.027,2025-05-29T18:15:34.37
1116971,Summer Kids Clinics - Ages 5-7,,65804,Kids Summer Camp,31010457,2025-07-16T09:00:00,2025-07-16T14:00:00,4424244,REDACTED,REDACTED,REDACTED,REDACTED,60.0,0.0,False,,2025-02-12T21:22:11.317,2025-05-29T18:15:34.427
1116968,Summer Kids Clinics - Ages 8-12,,65804,Kids Summer Camp,31010382,2025-07-07T09:00:00,2025-07-07T14:00:00,5824834,REDACTED,REDACTED,REDACTED,REDACTED,,,False,,2025-04-23T18:30:04.93,2025-04-28T23:41:06.063
1116968,Summer Kids Clinics - Ages 8-12,,65804,Kids Summer Camp,31010383,2025-07-08T09:00:00,2025-07-08T14:00:00,5824834,REDACTED,REDACTED,REDACTED,REDACTED,,,False,,2025-04-23T18:30:04.937,2025-04-28T23:41:06.077
1116968,Summer Kids Clinics - Ages 8-12,,65804,Kids Summer Camp,31010384,2025-07-09T09:00:00,2025-07-09T14:00:00,5824834,REDACTED,REDACTED,REDACTED,REDACTED,,,False,,2025-04-23T18:30:04.94,2025-04-28T23:41:06.077
1116968,Summer Kids Clinics - Ages 8-12,,65804,Kids Summer Camp,31010385,2025-07-10T09:00:00,2025-07-10T14:00:00,5824834,REDACTED,REDACTED,REDACTED,REDACTED,,,False,,2025-04-23T18:30:04.947,2025-04-28T23:41:06.093
1116968,Summer Kids Clinics - Ages 8-12,,65804,Kids Summer Camp,31010387,2025-07-11T09:00:00,2025-07-11T14:00:00,5824834,REDACTED,REDACTED,REDACTED,REDACTED,,,False,,2025-04-23T18:30:04.95,2025-04-28T23:41:06.11
1116980,Summer Kids Clinics - Ages 8-12,,65804,Kids Summer Camp,31430797,2025-07-21T09:00:00,2025-07-21T14:00:00,3639284,REDACTED,REDACTED,REDACTED,REDACTED,,,False,,2025-04-26T11:26:51.8,2025-06-17T16:36:54.36
1116980,Summer Kids Clinics - Ages 8-12,,65804,Kids Summer Camp,31010642,2025-07-28T09:00:00,2025-07-28T14:00:00,3639284,REDACTED,REDACTED,REDACTED,REDACTED,,,False,,2025-04-26T11:26:51.807,2025-06-17T22:42:51.583
1116980,Summer Kids Clinics - Ages 8-12,,65804,Kids Summer Camp,31010643,2025-07-29T09:00:00,2025-07-29T14:00:00,3639284,REDACTED,REDACTED,REDACTED,REDACTED,,,False,,2025-04-26T11:26:51.81,2025-06-17T22:42:51.597
1116980,Summer Kids Clinics - Ages 8-12,,65804,Kids Summer Camp,31010644,2025-07-30T09:00:00,2025-07-30T14:00:00,3639284,REDACTED,REDACTED,REDACTED,REDACTED,,,False,,2025-04-26T11:26:51.813,2025-06-17T22:42:51.597
1116980,Summer Kids Clinics - Ages 8-12,,65804,Kids Summer Camp,31010645,2025-07-31T09:00:00,2025-07-31T14:00:00,3639284,REDACTED,REDACTED,REDACTED,REDACTED,,,False,,2025-04-26T11:26:51.817,2025-06-17T22:42:51.617
1116968,Summer Kids Clinics - Ages 8-12,,65804,Kids Summer Camp,31010382,2025-07-07T09:00:00,2025-07-07T14:00:00,7143363,REDACTED,REDACTED,REDACTED,REDACTED,200.0,,False,,2025-04-28T23:40:49.437,2025-07-06T14:16:15.707
1116968,Summer Kids Clinics - Ages 8-12,,65804,Kids Summer Camp,31010382,2025-07-07T09:00:00,2025-07-07T14:00:00,7143369,REDACTED,REDACTED,REDACTED,REDACTED,200.0,,False,,2025-04-28T23:40:49.453,2025-07-06T14:16:15.77
1382615,Cross Club 3.5-4.0 Tryout,,51017,Cross Club Events,37222318,2025-07-09T19:00:00,2025-07-09T21:00:00,4918536,REDACTED,REDACTED,REDACTED,REDACTED,5.0,,False,,2025-06-19T23:13:30.72,2025-06-28T02:21:51.537
1382633,Cross Club (50+) 3.5-4.0 Tryout,,51017,Cross Club Events,37222819,2025-07-13T09:00:00,2025-07-13T11:00:00,3734544,REDACTED,REDACTED,REDACTED,REDACTED,20.0,,False,,2025-06-19T23:31:25.303,2025-06-26T12:26:09.52
1382615,Cross Club 3.5-4.0 Tryout,,51017,Cross Club Events,37222317,2025-07-02T20:00:00,2025-07-02T22:00:00,4214514,REDACTED,REDACTED,REDACTED,REDACTED,20.0,,False,,2025-06-21T02:36:09.11,2025-06-30T18:02:12.403
1382615,Cross Club 3.5-4.0 Tryout,,51017,Cross Club Events,37222317,2025-07-02T20:00:00,2025-07-02T22:00:00,6139433,REDACTED,REDACTED,REDACTED,REDACTED,20.0,,False,,2025-06-22T18:52:57.82,2025-06-23T15:41:24.87
1382615,Cross Club 3.5-4.0 Tryout,,51017,Cross Club Events,37222318,2025-07-09T19:00:00,2025-07-09T21:00:00,6139433,REDACTED,REDACTED,REDACTED,REDACTED,20.0,,False,,2025-06-23T15:41:12.37,2025-06-27T12:14:28.277
1390738,3.0 - 3.5 Open Play,,40472,Intermediate,37486457,2025-07-01T18:00:00,2025-07-01T20:00:00,5226527,REDACTED,REDACTED,REDACTED,REDACTED,17.0,,False,,2025-06-26T13:06:38.307,2025-06-30T12:13:11.09
1390738,3.0 - 3.5 Open Play,,40472,Intermediate,37486457,2025-07-01T18:00:00,2025-07-01T20:00:00,5506132,REDACTED,REDACTED,REDACTED,REDACTED,5.0,,False,,2025-06-26T13:10:33.61,2025-06-27T01:46:55.683
1390719,3.0 - 3.5 Open Play,,40472,Intermediate,37485781,2025-07-02T18:00:00,2025-07-02T20:00:00,5100435,REDACTED,REDACTED,REDACTED,REDACTED,17.0,,False,,2025-06-26T18:18:03.48,2025-06-30T11:50:45.61
1390738,3.0 - 3.5 Open Play,,40472,Intermediate,37486457,2025-07-01T18:00:00,2025-07-01T20:00:00,7327190,REDACTED,REDACTED,REDACTED,REDACTED,17.0,,False,,2025-06-26T22:13:24.23,2025-06-30T12:19:45.373
1382633,Cross Club (50+) 3.5-4.0 Tryout,,51017,Cross Club Events,37222819,2025-07-13T09:00:00,2025-07-13T11:00:00,4121929,REDACTED,REDACTED,REDACTED,REDACTED,5.0,,False,,2025-06-26T23:09:00.173,2025-07-02T18:01:32.42
1390742,3.75+ Open Play,,47676,Low Advanced,37486489,2025-07-01T20:00:00,2025-07-01T22:00:00,3948552,REDACTED,REDACTED,REDACTED,REDACTED,5.0,,False,,2025-06-27T17:56:46.46,2025-06-30T14:29:24.793
1382678,ALL LEVELS Open Play - $20 Flat - Free with Basic & Premium Memberships,,53028,All Levels w/ Challenge Court,37223765,2025-07-03T21:00:00,2025-07-03T23:59:00,5835507,REDACTED,REDACTED,REDACTED,REDACTED,0.0,,False,,2025-06-27T22:56:18.533,2025-06-28T20:09:10.73
1343087,Ladies Night High Intermediate,,40471, High Intermediate,37218229,2025-07-02T18:00:00,2025-07-02T20:00:00,3652960,REDACTED,REDACTED,REDACTED,REDACTED,17.0,,False,,2025-06-28T19:38:11.527,2025-07-01T03:06:37.877
1116968,Summer Kids Clinics - Ages 8-12,,65804,Kids Summer Camp,31010382,2025-07-07T09:00:00,2025-07-07T14:00:00,7598566,REDACTED,REDACTED,REDACTED,REDACTED,,,False,,2025-06-28T20:25:20.017,2025-07-06T14:16:15.817
1390738,3.0 - 3.5 Open Play,,40472,Intermediate,37486457,2025-07-01T18:00:00,2025-07-01T20:00:00,5506132,REDACTED,REDACTED,REDACTED,REDACTED,5.0,,False,,2025-06-29T02:54:28.907,2025-06-29T02:54:57.243
1390742,3.75+ Open Play,,47676,Low Advanced,37486489,2025-07-01T20:00:00,2025-07-01T22:00:00,6186186,REDACTED,REDACTED,REDACTED,REDACTED,17.0,,False,,2025-06-29T12:46:22.58,2025-07-01T16:39:15.67
1390730,3.75+ Open Play,,47676,Low Advanced,37486210,2025-07-02T20:00:00,2025-07-02T22:00:00,6186186,REDACTED,REDACTED,REDACTED,REDACTED,17.0,,False,,2025-06-29T12:46:46.713,2025-07-01T21:31:22.793
1389850,3.75+ Open Play,,47676,Low Advanced,37458613,2025-07-03T20:00:00,2025-07-03T22:00:00,6186186,REDACTED,REDACTED,REDACTED,REDACTED,17.0,,False,,2025-06-29T12:47:12.593,2025-07-02T00:34:39.443
1389705,3.75+ Open Play,,47676,Low Advanced,37454668,2025-07-04T07:00:00,2025-07-04T09:00:00,6186186,REDACTED,REDACTED,REDACTED,REDACTED,5.0,,False,,2025-06-29T12:47:54.623,2025-07-02T00:33:09.177
1389645,All Levels Open Play,,53028,All Levels w/ Challenge Court,37453163,2025-07-04T11:00:00,2025-07-04T13:00:00,4539225,REDACTED,REDACTED,REDACTED,REDACTED,25.0,25.0,False,,2025-06-29T15:16:40.44,2025-07-02T21:24:31.78
1389645,All Levels Open Play,,53028,All Levels w/ Challenge Court,37453163,2025-07-04T11:00:00,2025-07-04T13:00:00,4715009,REDACTED,REDACTED,REDACTED,REDACTED,25.0,25.0,False,,2025-06-29T16:17:15.94,2025-07-03T10:36:29.62
1389743,Intro to Pickleball,,61814,Intro to Pickleball,37455641,2025-07-02T17:00:00,2025-07-02T18:00:00,7602741,REDACTED,REDACTED,REDACTED,REDACTED,10.0,10.0,False,,2025-06-29T16:28:46.4,2025-07-02T17:55:03.43
1389757,ALL LEVELS Open Play - $20 Flat - Free with Basic & Premium Memberships,,53028,All Levels w/ Challenge Court,37456012,2025-07-05T18:00:00,2025-07-05T21:00:00,4215138,REDACTED,REDACTED,REDACTED,REDACTED,0.0,,False,,2025-06-30T02:54:32.603,2025-07-05T16:47:03.253
1389757,ALL LEVELS Open Play - $20 Flat - Free with Basic & Premium Memberships,,53028,All Levels w/ Challenge Court,37456012,2025-07-05T18:00:00,2025-07-05T21:00:00,4227203,REDACTED,REDACTED,REDACTED,REDACTED,0.0,,False,,2025-06-30T02:54:32.603,2025-07-05T16:47:03.27
1389648,All Levels Open Play,,53028,All Levels w/ Challenge Court,37453250,2025-07-04T15:00:00,2025-07-04T17:00:00,4215138,REDACTED,REDACTED,REDACTED,REDACTED,0.0,,False,,2025-06-30T02:56:20.513,2025-07-02T17:28:26.31
1389648,All Levels Open Play,,53028,All Levels w/ Challenge Court,37453250,2025-07-04T15:00:00,2025-07-04T17:00:00,4227203,REDACTED,REDACTED,REDACTED,REDACTED,0.0,,False,,2025-06-30T02:56:20.513,2025-07-02T17:28:26.343
1389650,All You Can Play $15 Flat - Free with Basic and Premium Memberships,,53028,All Levels w/ Challenge Court,37453292,2025-07-04T17:00:00,2025-07-04T19:00:00,4215138,REDACTED,REDACTED,REDACTED,REDACTED,0.0,,False,,2025-06-30T02:56:53.02,2025-07-02T17:28:41.527
1389650,All You Can Play $15 Flat - Free with Basic and Premium Memberships,,53028,All Levels w/ Challenge Court,37453292,2025-07-04T17:00:00,2025-07-04T19:00:00,4227203,REDACTED,REDACTED,REDACTED,REDACTED,0.0,,False,,2025-06-30T02:56:53.02,2025-07-02T17:28:41.603
1389654,ALL LEVELS Open Play - $20 Flat - Free with Basic & Premium Memberships,,53028,All Levels w/ Challenge Court,37453374,2025-07-04T19:00:00,2025-07-04T22:00:00,4215138,REDACTED,REDACTED,REDACTED,REDACTED,0.0,,False,,2025-06-30T02:57:43.653,2025-07-02T17:26:56.13
1389654,ALL LEVELS Open Play - $20 Flat - Free with Basic & Premium Memberships,,53028,All Levels w/ Challenge Court,37453374,2025-07-04T19:00:00,2025-07-04T22:00:00,4227203,REDACTED,REDACTED,REDACTED,REDACTED,0.0,,False,,2025-06-30T02:57:43.653,2025-07-02T17:26:56.167
1389575,3.5 - 3.5+ Open Play,,40471, High Intermediate,37451695,2025-07-04T09:00:00,2025-07-04T11:00:00,5736667,REDACTED,REDACTED,REDACTED,REDACTED,17.0,,False,,2025-06-30T03:39:40.793,2025-07-02T00:52:45.717
1390730,3.75+ Open Play,,47676,Low Advanced,37486210,2025-07-02T20:00:00,2025-07-02T22:00:00,6029681,REDACTED,REDACTED,REDACTED,REDACTED,17.0,,False,,2025-06-30T05:15:24.207,2025-07-02T15:46:24.987
1389850,3.75+ Open Play,,47676,Low Advanced,37458613,2025-07-03T20:00:00,2025-07-03T22:00:00,6029681,REDACTED,REDACTED,REDACTED,REDACTED,17.0,,False,,2025-06-30T05:15:45.24,2025-07-02T15:43:04.217
1390719,3.0 - 3.5 Open Play,,40472,Intermediate,37485782,2025-07-09T17:00:00,2025-07-09T19:00:00,4473895,REDACTED,REDACTED,REDACTED,REDACTED,17.0,,False,,2025-06-30T10:25:38.95,2025-07-07T23:55:23.077
1389654,ALL LEVELS Open Play - $20 Flat - Free with Basic & Premium Memberships,,53028,All Levels w/ Challenge Court,37453374,2025-07-04T19:00:00,2025-07-04T22:00:00,5856808,REDACTED,REDACTED,REDACTED,REDACTED,0.0,,False,,2025-06-30T15:42:28.91,2025-07-02T17:26:56.193
1389654,ALL LEVELS Open Play - $20 Flat - Free with Basic & Premium Memberships,,53028,All Levels w/ Challenge Court,37453374,2025-07-04T19:00:00,2025-07-04T22:00:00,5856879,REDACTED,REDACTED,REDACTED,REDACTED,0.0,,False,,2025-06-30T15:42:28.91,2025-07-02T17:26:56.227
1389650,All You Can Play $15 Flat - Free with Basic and Premium Memberships,,53028,All Levels w/ Challenge Court,37453292,2025-07-04T17:00:00,2025-07-04T19:00:00,3657082,REDACTED,REDACTED,REDACTED,REDACTED,15.0,,False,,2025-06-30T17:47:21.497,2025-07-02T17:28:41.673
1389648,All Levels Open Play,,53028,All Levels w/ Challenge Court,37453250,2025-07-04T15:00:00,2025-07-04T17:00:00,3657082,REDACTED,REDACTED,REDACTED,REDACTED,15.0,,False,,2025-06-30T17:47:50.377,2025-07-02T17:28:26.357
1389850,3.75+ Open Play,,47676,Low Advanced,37458613,2025-07-03T20:00:00,2025-07-03T22:00:00,3657082,REDACTED,REDACTED,REDACTED,REDACTED,17.0,,False,,2025-06-30T17:49:51.8,2025-07-03T22:06:48.517
1389757,ALL LEVELS Open Play - $20 Flat - Free with Basic & Premium Memberships,,53028,All Levels w/ Challenge Court,37456012,2025-07-05T18:00:00,2025-07-05T21:00:00,3657082,REDACTED,REDACTED,REDACTED,REDACTED,20.0,,False,,2025-06-30T17:50:57.02,2025-07-03T22:11:09.51
1389856,Open Play High Intermediate 3.5,,40471, High Intermediate,37458788,2025-07-03T18:00:00,2025-07-03T20:00:00,4338303,REDACTED,REDACTED,REDACTED,REDACTED,5.0,,False,,2025-06-30T19:35:45.993,2025-07-01T20:36:49.903
1389856,Open Play High Intermediate 3.5,,40471, High Intermediate,37458788,2025-07-03T18:00:00,2025-07-03T20:00:00,3653235,REDACTED,REDACTED,REDACTED,REDACTED,0.0,,False,,2025-06-30T19:47:36.617,2025-07-03T20:16:23.06
1390719,3.0 - 3.5 Open Play,,40472,Intermediate,37485781,2025-07-02T18:00:00,2025-07-02T20:00:00,6333340,REDACTED,REDACTED,REDACTED,REDACTED,27.0,,False,,2025-06-30T20:04:51.187,2025-07-01T20:37:12.663
1389680,3.0 - 3.5 Open Play,,40472,Intermediate,37453991,2025-07-04T11:00:00,2025-07-04T13:00:00,3653327,REDACTED,REDACTED,REDACTED,REDACTED,17.0,,False,,2025-06-30T20:21:23.4,2025-07-04T15:24:25.257
1390742,3.75+ Open Play,,47676,Low Advanced,37486489,2025-07-01T20:00:00,2025-07-01T22:00:00,4185381,REDACTED,REDACTED,REDACTED,REDACTED,17.0,,False,,2025-06-30T20:42:38.727,2025-07-01T16:57:32.79
1390730,3.75+ Open Play,,47676,Low Advanced,37486210,2025-07-02T20:00:00,2025-07-02T22:00:00,4185381,REDACTED,REDACTED,REDACTED,REDACTED,17.0,,False,,2025-06-30T21:29:44.297,2025-07-01T21:51:08.003
1389629,3.0 - 3.5 Open Play,,40472,Intermediate,37452677,2025-07-04T09:00:00,2025-07-04T11:00:00,5969046,REDACTED,REDACTED,REDACTED,REDACTED,27.0,,False,,2025-07-01T00:09:36.017,2025-07-01T00:54:57.24
1389629,3.0 - 3.5 Open Play,,40472,Intermediate,37452677,2025-07-04T09:00:00,2025-07-04T11:00:00,5506132,REDACTED,REDACTED,REDACTED,REDACTED,5.0,,False,,2025-07-01T00:10:03.327,2025-07-01T00:54:45.247
1389629,3.0 - 3.5 Open Play,,40472,Intermediate,37452677,2025-07-04T09:00:00,2025-07-04T11:00:00,5116629,REDACTED,REDACTED,REDACTED,REDACTED,17.0,,False,,2025-07-01T00:10:37.793,2025-07-01T00:54:49.843
1389629,3.0 - 3.5 Open Play,,40472,Intermediate,37452677,2025-07-04T09:00:00,2025-07-04T11:00:00,5226527,REDACTED,REDACTED,REDACTED,REDACTED,17.0,,False,,2025-07-01T00:27:56.687,2025-07-01T00:54:52.887
1389654,ALL LEVELS Open Play - $20 Flat - Free with Basic & Premium Memberships,,53028,All Levels w/ Challenge Court,37453374,2025-07-04T19:00:00,2025-07-04T22:00:00,4226849,REDACTED,REDACTED,REDACTED,REDACTED,0.0,,False,,2025-07-01T01:44:00.973,2025-07-02T17:26:56.257
1389654,ALL LEVELS Open Play - $20 Flat - Free with Basic & Premium Memberships,,53028,All Levels w/ Challenge Court,37453374,2025-07-04T19:00:00,2025-07-04T22:00:00,4226941,REDACTED,REDACTED,REDACTED,REDACTED,0.0,,False,,2025-07-01T01:44:00.973,2025-07-02T17:26:56.287
1389650,All You Can Play $15 Flat - Free with Basic and Premium Memberships,,53028,All Levels w/ Challenge Court,37453292,2025-07-04T17:00:00,2025-07-04T19:00:00,5967328,REDACTED,REDACTED,REDACTED,REDACTED,0.0,,False,,2025-07-01T13:01:30.5,2025-07-02T17:28:41.76
1389650,All You Can Play $15 Flat - Free with Basic and Premium Memberships,,53028,All Levels w/ Challenge Court,37453292,2025-07-04T17:00:00,2025-07-04T19:00:00,5967339,REDACTED,REDACTED,REDACTED,REDACTED,0.0,,False,,2025-07-01T13:01:30.5,2025-07-02T17:28:42.03
1389654,ALL LEVELS Open Play - $20 Flat - Free with Basic & Premium Memberships,,53028,All Levels w/ Challenge Court,37453374,2025-07-04T19:00:00,2025-07-04T22:00:00,5967328,REDACTED,REDACTED,REDACTED,REDACTED,0.0,,False,,2025-07-01T13:01:54.25,2025-07-02T17:26:56.32
1389654,ALL LEVELS Open Play - $20 Flat - Free with Basic & Premium Memberships,,53028,All Levels w/ Challenge Court,37453374,2025-07-04T19:00:00,2025-07-04T22:00:00,5967339,REDACTED,REDACTED,REDACTED,REDACTED,0.0,,False,,2025-07-01T13:01:54.25,2025-07-02T17:26:56.35
1389856,Open Play High Intermediate 3.5,,40471, High Intermediate,37458788,2025-07-03T18:00:00,2025-07-03T20:00:00,3638611,REDACTED,REDACTED,REDACTED,REDACTED,17.0,,False,,2025-07-01T16:45:46.86,2025-07-01T16:48:28.567
1116980,Summer Kids Clinics - Ages 8-12,,65804,Kids Summer Camp,31010642,2025-07-28T09:00:00,2025-07-28T14:00:00,4646405,REDACTED,REDACTED,REDACTED,REDACTED,0.0,,False,,2025-07-01T18:09:18.06,2025-07-22T19:02:45.593
1116980,Summer Kids Clinics - Ages 8-12,,65804,Kids Summer Camp,31010643,2025-07-29T09:00:00,2025-07-29T14:00:00,4646405,REDACTED,REDACTED,REDACTED,REDACTED,0.0,,False,,2025-07-01T18:09:18.073,2025-07-22T19:02:45.607
1116980,Summer Kids Clinics - Ages 8-12,,65804,Kids Summer Camp,31010644,2025-07-30T09:00:00,2025-07-30T14:00:00,4646405,REDACTED,REDACTED,REDACTED,REDACTED,0.0,,False,,2025-07-01T18:09:18.09,2025-07-22T19:02:45.607
1116980,Summer Kids Clinics - Ages 8-12,,65804,Kids Summer Camp,31010645,2025-07-31T09:00:00,2025-07-31T14:00:00,4646405,REDACTED,REDACTED,REDACTED,REDACTED,0.0,,False,,2025-07-01T18:09:18.107,2025-07-22T19:02:45.623
1343071,4.0 Open Play,,40425,Advanced,37681332,2025-07-01T20:00:00,2025-07-01T22:00:00,6569183,REDACTED,REDACTED,REDACTED,REDACTED,17.0,,False,,2025-07-01T18:28:28.43,2025-07-01T23:53:31.363
1343071,4.0 Open Play,,40425,Advanced,37681332,2025-07-01T20:00:00,2025-07-01T22:00:00,3560719,REDACTED,REDACTED,REDACTED,REDACTED,17.0,,False,,2025-07-01T19:15:16.41,2025-07-01T23:53:31.397
1389856,Open Play High Intermediate 3.5,,40471, High Intermediate,37458788,2025-07-03T18:00:00,2025-07-03T20:00:00,4336460,REDACTED,REDACTED,REDACTED,REDACTED,17.0,,False,,2025-07-01T20:55:03.337,2025-07-03T20:17:37
1390742,3.75+ Open Play,,47676,Low Advanced,37486489,2025-07-01T20:00:00,2025-07-01T22:00:00,7621495,REDACTED,REDACTED,REDACTED,REDACTED,27.0,,False,,2025-07-01T22:15:22.46,2025-07-01T22:20:18.16
1389645,All Levels Open Play,,53028,All Levels w/ Challenge Court,37453163,2025-07-04T11:00:00,2025-07-04T13:00:00,4715000,REDACTED,REDACTED,REDACTED,REDACTED,25.0,25.0,False,,2025-07-01T23:24:11.03,2025-07-03T02:50:23.533
1032741,Guided Drilling Series (3.0-3.5),,63130,David L Coached Clinic,31453429,2025-07-07T20:00:00,2025-07-07T21:00:00,5116629,REDACTED,REDACTED,REDACTED,REDACTED,50.0,,False,,2025-07-02T00:24:06.713,2025-07-07T12:04:20.223
1389768,3.0 - 3.5 Open Play,,40472,Intermediate,37456532,2025-07-05T11:00:00,2025-07-05T13:00:00,5116629,REDACTED,REDACTED,REDACTED,REDACTED,17.0,,False,,2025-07-02T00:25:09.107,2025-07-05T13:55:38.207
1389853,3.75+ Open Play,,47676,Low Advanced,37458749,2025-07-03T18:00:00,2025-07-03T20:00:00,6186186,REDACTED,REDACTED,REDACTED,REDACTED,17.0,,False,,2025-07-02T00:34:19.4,2025-07-02T21:02:53.713
1389680,3.0 - 3.5 Open Play,,40472,Intermediate,37453991,2025-07-04T11:00:00,2025-07-04T13:00:00,6340559,REDACTED,REDACTED,REDACTED,REDACTED,17.0,,False,,2025-07-02T01:52:05.53,2025-07-04T15:00:23.11
1389664,3.5 - 3.5+ Open Play,,40471, High Intermediate,37453604,2025-07-04T11:00:00,2025-07-04T13:00:00,3813621,REDACTED,REDACTED,REDACTED,REDACTED,17.0,,False,,2025-07-02T10:09:12.61,2025-07-03T12:33:02.497
1389768,3.0 - 3.5 Open Play,,40472,Intermediate,37456532,2025-07-05T11:00:00,2025-07-05T13:00:00,3813621,REDACTED,REDACTED,REDACTED,REDACTED,17.0,,False,,2025-07-02T10:09:41.27,2025-07-03T19:53:43.76
1389803,3.5 - 3.5+ Open Play,,40471, High Intermediate,37457141,2025-07-06T09:00:00,2025-07-06T11:00:00,3813621,REDACTED,REDACTED,REDACTED,REDACTED,17.0,,False,,2025-07-02T10:10:16.183,2025-07-03T12:30:30.207
1390726,3.75+ Open Play,,47676,Low Advanced,37486032,2025-07-02T17:00:00,2025-07-02T19:00:00,6217940,REDACTED,REDACTED,REDACTED,REDACTED,17.0,,False,,2025-07-02T13:25:57.963,2025-07-02T18:09:36.84
1382615,Cross Club 3.5-4.0 Tryout,,51017,Cross Club Events,37222317,2025-07-02T20:00:00,2025-07-02T22:00:00,7439862,REDACTED,REDACTED,REDACTED,REDACTED,20.0,20.0,False,,2025-07-02T15:54:17.55,2025-07-03T00:01:51.96
1343087,Ladies Night High Intermediate,,40471, High Intermediate,37218229,2025-07-02T18:00:00,2025-07-02T20:00:00,3673738,REDACTED,REDACTED,REDACTED,REDACTED,17.0,,False,,2025-07-02T16:09:34.333,2025-07-02T17:43:39.723
1389712,Guided Beginner,,46559,Guided Beginner Social,37454906,2025-07-03T17:00:00,2025-07-03T18:00:00,7602741,REDACTED,REDACTED,REDACTED,REDACTED,10.0,,False,,2025-07-02T20:47:50.573,2025-07-02T21:04:18.23
1389797,3.75+ Open Play,,47676,Low Advanced,37457051,2025-07-06T09:00:00,2025-07-06T11:00:00,4010709,REDACTED,REDACTED,REDACTED,REDACTED,5.0,,False,,2025-07-02T22:00:16.647,2025-07-04T16:08:57.047
1390719,3.0 - 3.5 Open Play,,40472,Intermediate,37485782,2025-07-09T17:00:00,2025-07-09T19:00:00,5506132,REDACTED,REDACTED,REDACTED,REDACTED,5.0,,False,,2025-07-03T01:02:59.7,2025-07-07T00:29:17.93
1389757,ALL LEVELS Open Play - $20 Flat - Free with Basic & Premium Memberships,,53028,All Levels w/ Challenge Court,37456012,2025-07-05T18:00:00,2025-07-05T21:00:00,4226849,REDACTED,REDACTED,REDACTED,REDACTED,0.0,,False,,2025-07-03T03:01:11.723,2025-07-05T16:47:03.3
1389757,ALL LEVELS Open Play - $20 Flat - Free with Basic & Premium Memberships,,53028,All Levels w/ Challenge Court,37456012,2025-07-05T18:00:00,2025-07-05T21:00:00,4226941,REDACTED,REDACTED,REDACTED,REDACTED,0.0,,False,,2025-07-03T03:01:11.723,2025-07-05T16:47:03.317
1389850,3.75+ Open Play,,47676,Low Advanced,37458613,2025-07-03T20:00:00,2025-07-03T22:00:00,5159887,REDACTED,REDACTED,REDACTED,REDACTED,5.0,,False,,2025-07-03T03:06:37.46,2025-07-03T22:08:13.767
1389702,4.0 Open Play,,40425,Advanced,37454601,2025-07-04T07:00:00,2025-07-04T09:00:00,4702177,REDACTED,REDACTED,REDACTED,REDACTED,5.0,,False,,2025-07-03T16:53:01.86,2025-07-04T02:21:18.66
1389680,3.0 - 3.5 Open Play,,40472,Intermediate,37453991,2025-07-04T11:00:00,2025-07-04T13:00:00,6340542,REDACTED,REDACTED,REDACTED,REDACTED,27.0,,False,,2025-07-03T17:05:12.503,2025-07-04T15:00:12.27
1389705,3.75+ Open Play,,47676,Low Advanced,37454668,2025-07-04T07:00:00,2025-07-04T09:00:00,6128357,REDACTED,REDACTED,REDACTED,REDACTED,5.0,,False,,2025-07-03T20:05:27.087,2025-07-04T11:19:58.177
1033858,Road to 3.5,,63130,David L Coached Clinic,31453853,2025-07-06T12:00:00,2025-07-06T13:00:00,3662851,REDACTED,REDACTED,REDACTED,REDACTED,50.0,50.0,False,,2025-07-03T22:49:57.503,2025-07-06T04:39:52.82
1033858,Road to 3.5,,63130,David L Coached Clinic,31453853,2025-07-06T12:00:00,2025-07-06T13:00:00,3662670,REDACTED,REDACTED,REDACTED,REDACTED,50.0,50.0,False,,2025-07-03T22:51:21.463,2025-07-06T04:39:52.85
1389832,3.0 - 3.5 Open Play,,40472,Intermediate,37458007,2025-07-10T17:00:00,2025-07-10T19:00:00,3780407,REDACTED,REDACTED,REDACTED,REDACTED,17.0,,False,,2025-07-03T23:24:02.62,2025-07-05T12:03:39.403
1389832,3.0 - 3.5 Open Play,,40472,Intermediate,37458007,2025-07-10T17:00:00,2025-07-10T19:00:00,3780420,REDACTED,REDACTED,REDACTED,REDACTED,17.0,,False,,2025-07-03T23:24:02.62,2025-07-05T12:03:39.43
1390703,3.0 - 3.5 Open Play,,40472,Intermediate,37485114,2025-07-07T18:00:00,2025-07-07T20:00:00,5116629,REDACTED,REDACTED,REDACTED,REDACTED,17.0,,False,,2025-07-04T00:47:34.38,2025-07-07T15:12:10.14
1390703,3.0 - 3.5 Open Play,,40472,Intermediate,37485114,2025-07-07T18:00:00,2025-07-07T20:00:00,5506132,REDACTED,REDACTED,REDACTED,REDACTED,5.0,,False,,2025-07-04T00:57:07.15,2025-07-06T16:55:37.817
1343087,Ladies Night High Intermediate,,40471, High Intermediate,37218230,2025-07-07T18:00:00,2025-07-07T20:00:00,3729230,REDACTED,REDACTED,REDACTED,REDACTED,17.0,,False,,2025-07-04T06:49:56.667,2025-07-06T15:07:48.35
1389768,3.0 - 3.5 Open Play,,40472,Intermediate,37456533,2025-07-06T11:00:00,2025-07-06T13:00:00,4890492,REDACTED,REDACTED,REDACTED,REDACTED,17.0,,False,,2025-07-04T12:14:26.64,2025-07-04T20:22:23.34
1390719,3.0 - 3.5 Open Play,,40472,Intermediate,37485782,2025-07-09T17:00:00,2025-07-09T19:00:00,4890492,REDACTED,REDACTED,REDACTED,REDACTED,17.0,,False,,2025-07-04T12:17:05.243,2025-07-04T23:58:53.783
1389758,ALL LEVELS Open Play - $20 Flat - Free with Basic & Premium Memberships,,53028,All Levels w/ Challenge Court,37456161,2025-07-06T15:00:00,2025-07-06T18:00:00,5174644,REDACTED,REDACTED,REDACTED,REDACTED,20.0,,False,,2025-07-04T12:53:45.907,2025-07-04T12:56:15.01
1389824,3.75+ Open Play,,47676,Low Advanced,37457775,2025-07-05T07:00:00,2025-07-05T09:00:00,3653779,REDACTED,REDACTED,REDACTED,REDACTED,0.0,,False,,2025-07-04T14:02:58.447,2025-07-05T12:50:26.22
1389680,3.0 - 3.5 Open Play,,40472,Intermediate,37453991,2025-07-04T11:00:00,2025-07-04T13:00:00,6340542,REDACTED,REDACTED,REDACTED,REDACTED,27.0,,False,,2025-07-04T15:01:06.043,2025-07-04T15:01:42.16
1389772,3.5 - 3.5+ Open Play,,40471, High Intermediate,37456609,2025-07-05T11:00:00,2025-07-05T13:00:00,4010709,REDACTED,REDACTED,REDACTED,REDACTED,5.0,,False,,2025-07-04T16:09:33.207,2025-07-05T12:45:04.793
1116968,Summer Kids Clinics - Ages 8-12,,65804,Kids Summer Camp,31010382,2025-07-07T09:00:00,2025-07-07T14:00:00,3657082,REDACTED,REDACTED,REDACTED,REDACTED,60.0,,False,,2025-07-04T16:13:46.4,2025-07-04T16:22:56.95
1389803,3.5 - 3.5+ Open Play,,40471, High Intermediate,37457141,2025-07-06T09:00:00,2025-07-06T11:00:00,5902720,REDACTED,REDACTED,REDACTED,REDACTED,17.0,,False,,2025-07-04T17:47:15.093,2025-07-05T22:59:05.96
1389803,3.5 - 3.5+ Open Play,,40471, High Intermediate,37457141,2025-07-06T09:00:00,2025-07-06T11:00:00,6231227,REDACTED,REDACTED,REDACTED,REDACTED,17.0,,False,,2025-07-04T17:47:23.357,2025-07-05T22:59:05.993
1389743,Intro to Pickleball,,61814,Intro to Pickleball,37455643,2025-07-05T10:00:00,2025-07-05T11:00:00,7642402,REDACTED,REDACTED,REDACTED,REDACTED,10.0,,False,,2025-07-04T17:47:25.737,2025-07-05T12:56:42.327
1389803,3.5 - 3.5+ Open Play,,40471, High Intermediate,37457141,2025-07-06T09:00:00,2025-07-06T11:00:00,6614485,REDACTED,REDACTED,REDACTED,REDACTED,17.0,,False,,2025-07-04T17:53:23.773,2025-07-05T22:59:06.007
1389757,ALL LEVELS Open Play - $20 Flat - Free with Basic & Premium Memberships,,53028,All Levels w/ Challenge Court,37456013,2025-07-06T18:00:00,2025-07-06T21:00:00,3656545,REDACTED,REDACTED,REDACTED,REDACTED,20.0,,False,,2025-07-04T21:58:25.813,2025-07-04T21:58:50.34
1390703,3.0 - 3.5 Open Play,,40472,Intermediate,37485115,2025-07-14T18:00:00,2025-07-14T20:00:00,4473895,REDACTED,REDACTED,REDACTED,REDACTED,17.0,,False,,2025-07-05T10:14:22.907,2025-07-07T18:20:33.32
1389856,Open Play High Intermediate 3.5,,40471, High Intermediate,37458789,2025-07-10T18:00:00,2025-07-10T20:00:00,3780407,REDACTED,REDACTED,REDACTED,REDACTED,17.0,,False,,2025-07-05T12:04:15.513,2025-07-10T16:01:35.94
1389856,Open Play High Intermediate 3.5,,40471, High Intermediate,37458789,2025-07-10T18:00:00,2025-07-10T20:00:00,3780420,REDACTED,REDACTED,REDACTED,REDACTED,17.0,,False,,2025-07-05T12:04:15.513,2025-07-10T16:01:45.567
1389743,Intro to Pickleball,,61814,Intro to Pickleball,37455644,2025-07-07T17:00:00,2025-07-07T18:00:00,7642402,REDACTED,REDACTED,REDACTED,REDACTED,10.0,,False,,2025-07-05T12:57:22.997,2025-07-07T19:43:07.893
1343087,Ladies Night High Intermediate,,40471, High Intermediate,37218230,2025-07-07T18:00:00,2025-07-07T20:00:00,5856808,REDACTED,REDACTED,REDACTED,REDACTED,5.0,,False,,2025-07-05T17:01:42.957,2025-07-06T19:01:41.87
1390738,3.0 - 3.5 Open Play,,40472,Intermediate,37486458,2025-07-08T18:00:00,2025-07-08T20:00:00,7327190,REDACTED,REDACTED,REDACTED,REDACTED,17.0,,False,,2025-07-05T20:55:27.437,2025-07-06T18:37:15.027
1390719,3.0 - 3.5 Open Play,,40472,Intermediate,37485782,2025-07-09T17:00:00,2025-07-09T19:00:00,5116629,REDACTED,REDACTED,REDACTED,REDACTED,17.0,,False,,2025-07-05T21:32:45.71,2025-07-09T13:36:37.243
1389772,3.5 - 3.5+ Open Play,,40471, High Intermediate,37456610,2025-07-12T11:00:00,2025-07-12T13:00:00,4336460,REDACTED,REDACTED,REDACTED,REDACTED,17.0,,False,,2025-07-06T22:27:03.297,2025-07-10T23:59:34.48
1389856,Open Play High Intermediate 3.5,,40471, High Intermediate,37458789,2025-07-10T18:00:00,2025-07-10T20:00:00,4890492,REDACTED,REDACTED,REDACTED,REDACTED,17.0,,False,,2025-07-06T22:36:43.503,2025-07-08T20:34:59.297
1389712,Guided Beginner,,46559,Guided Beginner Social,37454909,2025-07-11T17:00:00,2025-07-11T18:00:00,7656100,REDACTED,REDACTED,REDACTED,REDACTED,10.0,,False,,2025-07-06T22:48:24,2025-07-10T21:04:18.617
1382678,ALL LEVELS Open Play - $20 Flat - Free with Basic & Premium Memberships,,53028,All Levels w/ Challenge Court,37485321,2025-07-10T21:00:00,2025-07-10T23:59:00,5856879,REDACTED,REDACTED,REDACTED,REDACTED,0.0,,False,,2025-07-06T23:45:40.54,2025-07-07T23:56:26.24
1389650,All You Can Play $15 Flat - Free with Basic and Premium Memberships,,53028,All Levels w/ Challenge Court,37453293,2025-07-11T17:00:00,2025-07-11T19:00:00,5856879,REDACTED,REDACTED,REDACTED,REDACTED,0.0,,False,,2025-07-06T23:46:41.82,2025-07-07T23:56:50.373
1343087,Ladies Night High Intermediate,,40471, High Intermediate,37218230,2025-07-07T18:00:00,2025-07-07T20:00:00,5967339,REDACTED,REDACTED,REDACTED,REDACTED,5.0,,False,,2025-07-07T02:07:45.813,2025-07-07T15:30:11.01
1390741,ALL LEVELS Open Play - $20 Flat - Free with Basic & Premium Memberships,,53028,All Levels w/ Challenge Court,37486482,2025-07-08T22:00:00,2025-07-08T23:59:00,5967328,REDACTED,REDACTED,REDACTED,REDACTED,0.0,,False,,2025-07-07T02:08:47.84,2025-07-08T17:58:35.887
1390741,ALL LEVELS Open Play - $20 Flat - Free with Basic & Premium Memberships,,53028,All Levels w/ Challenge Court,37486482,2025-07-08T22:00:00,2025-07-08T23:59:00,5967339,REDACTED,REDACTED,REDACTED,REDACTED,0.0,,False,,2025-07-07T02:08:47.84,2025-07-08T17:58:35.903
1389575,3.5 - 3.5+ Open Play,,40471, High Intermediate,37451607,2025-07-07T09:00:00,2025-07-07T11:00:00,4907433,REDACTED,REDACTED,REDACTED,REDACTED,10.0,,False,,2025-07-07T02:38:42.38,2025-07-07T12:06:15.9
1390741,ALL LEVELS Open Play - $20 Flat - Free with Basic & Premium Memberships,,53028,All Levels w/ Challenge Court,37486482,2025-07-08T22:00:00,2025-07-08T23:59:00,4226849,REDACTED,REDACTED,REDACTED,REDACTED,0.0,,False,,2025-07-07T03:23:57.3,2025-07-08T17:58:35.917
1390741,ALL LEVELS Open Play - $20 Flat - Free with Basic & Premium Memberships,,53028,All Levels w/ Challenge Court,37486482,2025-07-08T22:00:00,2025-07-08T23:59:00,4226941,REDACTED,REDACTED,REDACTED,REDACTED,0.0,,False,,2025-07-07T03:23:57.3,2025-07-08T17:58:35.933
1389575,3.5 - 3.5+ Open Play,,40471, High Intermediate,37451607,2025-07-07T09:00:00,2025-07-07T11:00:00,5850111,REDACTED,REDACTED,REDACTED,REDACTED,10.0,,False,,2025-07-07T03:40:43.393,2025-07-07T12:06:07.037
1390706,4.0 Open Play,,40425,Advanced,37485180,2025-07-07T20:00:00,2025-07-07T22:00:00,3769074,REDACTED,REDACTED,REDACTED,REDACTED,5.0,,False,,2025-07-07T10:31:31.017,2025-07-07T20:09:43.87
1389680,3.0 - 3.5 Open Play,,40472,Intermediate,37453993,2025-07-08T11:00:00,2025-07-08T13:00:00,3668835,REDACTED,REDACTED,REDACTED,REDACTED,5.0,,False,,2025-07-07T12:53:52.99,2025-07-08T13:07:43.983
1389813,Advanced Beginner Open Play,,40470,Advanced Beginner,37457503,2025-07-12T09:00:00,2025-07-12T11:00:00,6594519,REDACTED,REDACTED,REDACTED,REDACTED,17.0,,False,,2025-07-07T15:04:49.767,2025-07-10T11:36:01.44
1389680,3.0 - 3.5 Open Play,,40472,Intermediate,37453993,2025-07-08T11:00:00,2025-07-08T13:00:00,3668700,REDACTED,REDACTED,REDACTED,REDACTED,5.0,,False,,2025-07-07T15:14:47.777,2025-07-08T13:07:41.53
1389850,3.75+ Open Play,,47676,Low Advanced,37458614,2025-07-10T20:00:00,2025-07-10T22:00:00,3657082,REDACTED,REDACTED,REDACTED,REDACTED,17.0,,False,,2025-07-07T16:01:46.663,2025-07-09T16:02:31.623
1382678,ALL LEVELS Open Play - $20 Flat - Free with Basic & Premium Memberships,,53028,All Levels w/ Challenge Court,37485321,2025-07-10T21:00:00,2025-07-10T23:59:00,3657082,REDACTED,REDACTED,REDACTED,REDACTED,20.0,,False,,2025-07-07T16:02:26.107,2025-07-09T16:02:40.723
1367562,Somerset County Republicans,,48032,Private Event,37043657,2025-07-09T18:00:00,2025-07-09T21:00:00,5856808,REDACTED,REDACTED,REDACTED,REDACTED,0.0,,False,,2025-07-07T16:12:23.307,2025-07-09T00:10:32.763
1367562,Somerset County Republicans,,48032,Private Event,37043657,2025-07-09T18:00:00,2025-07-09T21:00:00,5856879,REDACTED,REDACTED,REDACTED,REDACTED,0.0,,False,,2025-07-07T16:12:23.307,2025-07-07T23:56:01.32
1389856,Open Play High Intermediate 3.5,,40471, High Intermediate,37458789,2025-07-10T18:00:00,2025-07-10T20:00:00,3635610,REDACTED,REDACTED,REDACTED,REDACTED,17.0,,False,,2025-07-07T16:52:40.473,2025-07-09T21:22:50.487
1389853,3.75+ Open Play,,47676,Low Advanced,37458750,2025-07-10T18:00:00,2025-07-10T20:00:00,4234334,REDACTED,REDACTED,REDACTED,REDACTED,17.0,,False,,2025-07-07T18:30:40.25,2025-07-10T16:04:03.67
1390719,3.0 - 3.5 Open Play,,40472,Intermediate,37485783,2025-07-16T18:00:00,2025-07-16T20:00:00,4473895,REDACTED,REDACTED,REDACTED,REDACTED,17.0,,False,,2025-07-07T18:53:12.113,2025-07-12T21:32:09.68
1390741,ALL LEVELS Open Play - $20 Flat - Free with Basic & Premium Memberships,,53028,All Levels w/ Challenge Court,37921969,2025-07-07T20:00:00,2025-07-07T22:00:00,5496689,REDACTED,REDACTED,REDACTED,REDACTED,0.0,,False,,2025-07-07T20:55:47.353,2025-07-07T22:04:29.793
1390741,ALL LEVELS Open Play - $20 Flat - Free with Basic & Premium Memberships,,53028,All Levels w/ Challenge Court,37921969,2025-07-07T20:00:00,2025-07-07T22:00:00,5497073,REDACTED,REDACTED,REDACTED,REDACTED,0.0,,False,,2025-07-07T20:57:42.813,2025-07-07T22:04:33.68
1284997,Glenn's Private Group,,48032,Private Event,37658248,2025-07-08T11:00:00,2025-07-08T13:00:00,4239279,REDACTED,REDACTED,REDACTED,REDACTED,13.0,,False,,2025-07-07T21:45:34.703,2025-07-08T14:41:49.677
1390741,ALL LEVELS Open Play - $20 Flat - Free with Basic & Premium Memberships,,53028,All Levels w/ Challenge Court,37917265,2025-07-08T20:00:00,2025-07-08T23:59:00,3754576,REDACTED,REDACTED,REDACTED,REDACTED,0.0,,False,,2025-07-07T21:52:59.987,2025-07-09T00:40:35.593
1389712,Guided Beginner,,46559,Guided Beginner Social,37454908,2025-07-10T17:00:00,2025-07-10T18:00:00,7661934,REDACTED,REDACTED,REDACTED,REDACTED,0.0,0.0,False,,2025-07-07T22:17:51.073,2025-07-09T22:34:00.11
1389712,Guided Beginner,,46559,Guided Beginner Social,37454908,2025-07-10T17:00:00,2025-07-10T18:00:00,7661870,REDACTED,REDACTED,REDACTED,REDACTED,0.0,0.0,False,,2025-07-07T22:17:51.12,2025-07-09T22:33:55.533
1389680,3.0 - 3.5 Open Play,,40472,Intermediate,37453993,2025-07-08T11:00:00,2025-07-08T13:00:00,5095208,REDACTED,REDACTED,REDACTED,REDACTED,17.0,,False,,2025-07-07T23:05:46.93,2025-07-08T13:07:38.09
1389629,3.0 - 3.5 Open Play,,40472,Intermediate,37452679,2025-07-09T09:00:00,2025-07-09T11:00:00,3653327,REDACTED,REDACTED,REDACTED,REDACTED,17.0,,False,,2025-07-07T23:09:58.17,2025-07-08T19:59:30.56
1389680,3.0 - 3.5 Open Play,,40472,Intermediate,37453996,2025-07-11T11:00:00,2025-07-11T13:00:00,3653327,REDACTED,REDACTED,REDACTED,REDACTED,17.0,,False,,2025-07-07T23:11:42.663,2025-07-08T20:08:33.437
1389768,3.0 - 3.5 Open Play,,40472,Intermediate,37456534,2025-07-12T11:00:00,2025-07-12T13:00:00,3653327,REDACTED,REDACTED,REDACTED,REDACTED,17.0,,False,,2025-07-07T23:13:16.46,2025-07-08T20:08:53.227
1394214,Invitational Group,,69928,Advanced Invitational Group,37927902,2025-07-16T19:00:00,2025-07-16T22:00:00,5613383,REDACTED,REDACTED,REDACTED,REDACTED,20.0,,False,,2025-07-08T01:19:35.647,2025-07-16T15:48:14.333
1033871,Road to 4.5,,63130,David L Coached Clinic,31453638,2025-07-12T13:00:00,2025-07-12T14:00:00,5195510,REDACTED,REDACTED,REDACTED,REDACTED,50.0,,False,,2025-07-08T03:35:27.81,2025-07-08T23:42:33.89
1033869,Road to 4.0,,63130,David L Coached Clinic,31453737,2025-07-12T12:00:00,2025-07-12T13:00:00,5195510,REDACTED,REDACTED,REDACTED,REDACTED,50.0,,False,,2025-07-08T03:35:53.87,2025-07-08T03:52:17.163
1389757,ALL LEVELS Open Play - $20 Flat - Free with Basic & Premium Memberships,,53028,All Levels w/ Challenge Court,37456014,2025-07-12T18:00:00,2025-07-12T21:00:00,4215138,REDACTED,REDACTED,REDACTED,REDACTED,0.0,,False,,2025-07-08T04:03:46.26,2025-07-12T19:47:49.343
1389757,ALL LEVELS Open Play - $20 Flat - Free with Basic & Premium Memberships,,53028,All Levels w/ Challenge Court,37456014,2025-07-12T18:00:00,2025-07-12T21:00:00,4227203,REDACTED,REDACTED,REDACTED,REDACTED,0.0,,False,,2025-07-08T04:03:46.26,2025-07-12T19:45:02.05
1224713,Beginner Open Play (Unsupervised),,61862,Beginner Open Play,33580122,2025-07-13T11:00:00,2025-07-13T12:00:00,7593479,REDACTED,REDACTED,REDACTED,REDACTED,10.0,10.0,False,,2025-07-08T15:00:24.803,2025-07-12T00:26:30.657
1224713,Beginner Open Play (Unsupervised),,61862,Beginner Open Play,33580122,2025-07-13T11:00:00,2025-07-13T12:00:00,7572523,REDACTED,REDACTED,REDACTED,REDACTED,10.0,10.0,False,,2025-07-08T15:39:43.577,2025-07-12T00:25:28.98
1389853,3.75+ Open Play,,47676,Low Advanced,37458750,2025-07-10T18:00:00,2025-07-10T20:00:00,6217940,REDACTED,REDACTED,REDACTED,REDACTED,17.0,,False,,2025-07-08T20:38:34.297,2025-07-09T19:40:25.707
1390703,3.0 - 3.5 Open Play,,40472,Intermediate,37485115,2025-07-14T18:00:00,2025-07-14T20:00:00,5226527,REDACTED,REDACTED,REDACTED,REDACTED,17.0,,False,,2025-07-09T00:05:03.577,2025-07-10T23:12:56.27
1389712,Guided Beginner,,46559,Guided Beginner Social,37454909,2025-07-11T17:00:00,2025-07-11T18:00:00,7673422,REDACTED,REDACTED,REDACTED,REDACTED,10.0,,False,,2025-07-09T01:00:04.713,2025-07-10T21:04:18.723
1390726,3.75+ Open Play,,47676,Low Advanced,37486033,2025-07-09T17:00:00,2025-07-09T19:00:00,6217940,REDACTED,REDACTED,REDACTED,REDACTED,17.0,,False,,2025-07-09T19:18:30.08,2025-07-09T19:18:44.587
1389843,4.0 Open Play,,40425,Advanced,37458344,2025-07-10T20:00:00,2025-07-10T22:00:00,5887442,REDACTED,REDACTED,REDACTED,REDACTED,0.0,,False,,2025-07-09T20:24:31.36,2025-07-10T18:35:46.603
1389629,3.0 - 3.5 Open Play,,40472,Intermediate,37452680,2025-07-10T09:00:00,2025-07-10T11:00:00,5095208,REDACTED,REDACTED,REDACTED,REDACTED,17.0,,False,,2025-07-09T22:06:10.22,2025-07-10T09:21:21.203
1389768,3.0 - 3.5 Open Play,,40472,Intermediate,37456534,2025-07-12T11:00:00,2025-07-12T13:00:00,5506132,REDACTED,REDACTED,REDACTED,REDACTED,5.0,,False,,2025-07-10T00:44:57.123,2025-07-11T17:29:39.777
1389768,3.0 - 3.5 Open Play,,40472,Intermediate,37456534,2025-07-12T11:00:00,2025-07-12T13:00:00,3668835,REDACTED,REDACTED,REDACTED,REDACTED,5.0,,False,,2025-07-10T01:49:13.223,2025-07-11T17:29:47.31
1389768,3.0 - 3.5 Open Play,,40472,Intermediate,37456534,2025-07-12T11:00:00,2025-07-12T13:00:00,5969046,REDACTED,REDACTED,REDACTED,REDACTED,27.0,,False,,2025-07-10T02:12:48.593,2025-07-11T17:29:55.1
1389843,4.0 Open Play,,40425,Advanced,37458344,2025-07-10T20:00:00,2025-07-10T22:00:00,3769074,REDACTED,REDACTED,REDACTED,REDACTED,5.0,,False,,2025-07-10T11:50:03.52,2025-07-10T18:16:47.437
1389832,3.0 - 3.5 Open Play,,40472,Intermediate,37458007,2025-07-10T17:00:00,2025-07-10T19:00:00,3780407,REDACTED,REDACTED,REDACTED,REDACTED,17.0,17.0,False,,2025-07-10T16:12:50.977,2025-07-10T21:11:49.527
1389712,Guided Beginner,,46559,Guided Beginner Social,37454910,2025-07-17T17:00:00,2025-07-17T18:00:00,7631132,REDACTED,REDACTED,REDACTED,REDACTED,10.0,,True,,2025-07-10T21:59:20.397,2025-07-11T02:48:28.923
1389757,ALL LEVELS Open Play - $20 Flat - Free with Basic & Premium Memberships,,53028,All Levels w/ Challenge Court,37456014,2025-07-12T18:00:00,2025-07-12T21:00:00,5967328,REDACTED,REDACTED,REDACTED,REDACTED,0.0,,False,,2025-07-11T00:23:23.533,2025-07-12T19:46:22.067
1389757,ALL LEVELS Open Play - $20 Flat - Free with Basic & Premium Memberships,,53028,All Levels w/ Challenge Court,37456014,2025-07-12T18:00:00,2025-07-12T21:00:00,5967339,REDACTED,REDACTED,REDACTED,REDACTED,0.0,,False,,2025-07-11T00:23:23.537,2025-07-12T19:34:12.85
1390703,3.0 - 3.5 Open Play,,40472,Intermediate,37485115,2025-07-14T18:00:00,2025-07-14T20:00:00,7327190,REDACTED,REDACTED,REDACTED,REDACTED,17.0,,False,,2025-07-11T02:19:29.03,2025-07-12T12:10:08.683
1389768,3.0 - 3.5 Open Play,,40472,Intermediate,37456534,2025-07-12T11:00:00,2025-07-12T13:00:00,3889912,REDACTED,REDACTED,REDACTED,REDACTED,17.0,,False,,2025-07-11T11:28:16.517,2025-07-11T17:29:52.107
1389778,3.5 - 3.5+ Open Play,,40471, High Intermediate,37456674,2025-07-13T11:00:00,2025-07-13T13:00:00,4010709,REDACTED,REDACTED,REDACTED,REDACTED,5.0,,False,,2025-07-11T14:47:04.803,2025-07-11T15:40:33.4
1385238,Cross Club 4.5-5.4 Tryout,,51017,Cross Club Events,37316948,2025-07-11T19:00:00,2025-07-11T21:00:00,3858577,REDACTED,REDACTED,REDACTED,REDACTED,20.0,,False,,2025-07-11T17:52:16.267,2025-07-12T03:08:59.263
1385238,Cross Club 4.5-5.4 Tryout,,51017,Cross Club Events,37316948,2025-07-11T19:00:00,2025-07-11T21:00:00,5897850,REDACTED,REDACTED,REDACTED,REDACTED,20.0,,False,,2025-07-11T17:52:16.743,2025-07-12T03:08:44.773
1390704,3.75+ Open Play,,47676,Low Advanced,37485152,2025-07-14T20:00:00,2025-07-14T22:00:00,5500993,REDACTED,REDACTED,REDACTED,REDACTED,17.0,,True,,2025-07-12T01:42:50.24,2025-07-13T12:29:43.577
1389645,All Levels Open Play,,53028,All Levels w/ Challenge Court,37453168,2025-07-14T13:00:00,2025-07-14T15:00:00,6850791,REDACTED,REDACTED,REDACTED,REDACTED,25.0,25.0,False,,2025-07-12T12:13:34.667,2025-07-13T15:40:32.623
1389761,All You Can Play $15 Flat - Free with Basic and Premium Memberships,,53028,All Levels w/ Challenge Court,37456356,2025-07-13T13:00:00,2025-07-13T15:00:00,7474432,REDACTED,REDACTED,REDACTED,REDACTED,15.0,,False,,2025-07-12T14:06:47.13,2025-07-13T13:12:15.617
1390704,3.75+ Open Play,,47676,Low Advanced,37485152,2025-07-14T20:00:00,2025-07-14T22:00:00,6029681,REDACTED,REDACTED,REDACTED,REDACTED,17.0,,False,,2025-07-12T15:36:04.137,2025-07-15T00:08:37.007
1389758,ALL LEVELS Open Play - $20 Flat - Free with Basic & Premium Memberships,,53028,All Levels w/ Challenge Court,37456162,2025-07-12T15:00:00,2025-07-12T18:00:00,7007034,REDACTED,REDACTED,REDACTED,REDACTED,20.0,,False,,2025-07-12T15:45:12.05,2025-07-12T19:17:41.327
1389813,Advanced Beginner Open Play,,40470,Advanced Beginner,37457504,2025-07-19T09:00:00,2025-07-19T11:00:00,4449926,REDACTED,REDACTED,REDACTED,REDACTED,17.0,,False,,2025-07-12T17:21:09.253,2025-07-19T11:45:31.263
1389757,ALL LEVELS Open Play - $20 Flat - Free with Basic & Premium Memberships,,53028,All Levels w/ Challenge Court,37456014,2025-07-12T18:00:00,2025-07-12T21:00:00,3769074,REDACTED,REDACTED,REDACTED,REDACTED,0.0,,False,,2025-07-12T17:27:28.04,2025-07-12T19:43:28.86
1389757,ALL LEVELS Open Play - $20 Flat - Free with Basic & Premium Memberships,,53028,All Levels w/ Challenge Court,37456014,2025-07-12T18:00:00,2025-07-12T21:00:00,7007034,REDACTED,REDACTED,REDACTED,REDACTED,20.0,,False,,2025-07-12T19:17:57.2,2025-07-12T19:32:36.973
1390704,3.75+ Open Play,,47676,Low Advanced,37485152,2025-07-14T20:00:00,2025-07-14T22:00:00,5747219,REDACTED,REDACTED,REDACTED,REDACTED,5.0,,False,,2025-07-12T21:47:59.47,2025-07-14T23:51:53.033
1389768,3.0 - 3.5 Open Play,,40472,Intermediate,37456535,2025-07-13T11:00:00,2025-07-13T13:00:00,5457317,REDACTED,REDACTED,REDACTED,REDACTED,17.0,,False,,2025-07-12T21:54:29.277,2025-07-13T14:12:16.943
1389757,ALL LEVELS Open Play - $20 Flat - Free with Basic & Premium Memberships,,53028,All Levels w/ Challenge Court,37456015,2025-07-13T18:00:00,2025-07-13T21:00:00,3769074,REDACTED,REDACTED,REDACTED,REDACTED,0.0,,False,,2025-07-13T01:03:50.713,2025-07-13T19:16:41.08
1389768,3.0 - 3.5 Open Play,,40472,Intermediate,37456535,2025-07-13T11:00:00,2025-07-13T13:00:00,4893693,REDACTED,REDACTED,REDACTED,REDACTED,17.0,,False,,2025-07-13T03:28:53.47,2025-07-13T14:10:39.49
1343087,Ladies Night High Intermediate,,40471, High Intermediate,37218233,2025-07-14T18:00:00,2025-07-14T20:00:00,3633990,REDACTED,REDACTED,REDACTED,REDACTED,5.0,,False,,2025-07-13T12:04:49.1,2025-07-14T15:08:13.11
1389743,Intro to Pickleball,,61814,Intro to Pickleball,37455648,2025-07-14T17:00:00,2025-07-14T18:00:00,7705099,REDACTED,REDACTED,REDACTED,REDACTED,10.0,10.0,False,,2025-07-13T14:30:26.44,2025-07-14T18:58:29.807
1389761,All You Can Play $15 Flat - Free with Basic and Premium Memberships,,53028,All Levels w/ Challenge Court,37456356,2025-07-13T13:00:00,2025-07-13T15:00:00,6850791,REDACTED,REDACTED,REDACTED,REDACTED,15.0,,False,,2025-07-13T15:41:21.24,2025-07-13T17:07:48.36
1389758,ALL LEVELS Open Play - $20 Flat - Free with Basic & Premium Memberships,,53028,All Levels w/ Challenge Court,37456163,2025-07-13T15:00:00,2025-07-13T18:00:00,4759975,REDACTED,REDACTED,REDACTED,REDACTED,20.0,,False,,2025-07-13T19:01:29.543,2025-07-13T19:02:52.527
1389758,ALL LEVELS Open Play - $20 Flat - Free with Basic & Premium Memberships,,53028,All Levels w/ Challenge Court,37456163,2025-07-13T15:00:00,2025-07-13T18:00:00,4759980,REDACTED,REDACTED,REDACTED,REDACTED,20.0,,False,,2025-07-13T19:01:29.617,2025-07-13T19:02:57.743
1389758,ALL LEVELS Open Play - $20 Flat - Free with Basic & Premium Memberships,,53028,All Levels w/ Challenge Court,37456163,2025-07-13T15:00:00,2025-07-13T18:00:00,4759968,REDACTED,REDACTED,REDACTED,REDACTED,20.0,,False,,2025-07-13T19:01:29.68,2025-07-13T19:08:44.097
1389758,ALL LEVELS Open Play - $20 Flat - Free with Basic & Premium Memberships,,53028,All Levels w/ Challenge Court,37456163,2025-07-13T15:00:00,2025-07-13T18:00:00,3662851,REDACTED,REDACTED,REDACTED,REDACTED,20.0,,False,,2025-07-13T19:02:00.69,2025-07-13T19:03:08.077
1389758,ALL LEVELS Open Play - $20 Flat - Free with Basic & Premium Memberships,,53028,All Levels w/ Challenge Court,37456163,2025-07-13T15:00:00,2025-07-13T18:00:00,5556904,REDACTED,REDACTED,REDACTED,REDACTED,20.0,20.0,False,,2025-07-13T19:36:01.647,2025-07-13T21:12:03.937
1390738,3.0 - 3.5 Open Play,,40472,Intermediate,37486459,2025-07-15T18:00:00,2025-07-15T20:00:00,6704035,REDACTED,REDACTED,REDACTED,REDACTED,27.0,27.0,False,,2025-07-14T01:38:33.983,2025-07-14T14:12:03.707
1343080,4.25 Open Play,,69929,Invitation Only Group,36169845,2025-07-14T20:00:00,2025-07-14T22:00:00,3633753,REDACTED,REDACTED,REDACTED,REDACTED,17.0,,False,,2025-07-14T02:53:14.817,2025-07-14T20:48:50.45
1343080,4.25 Open Play,,69929,Invitation Only Group,36169845,2025-07-14T20:00:00,2025-07-14T22:00:00,4130360,REDACTED,REDACTED,REDACTED,REDACTED,0.0,,False,,2025-07-14T12:30:09.667,2025-07-14T20:49:02.123
1343087,Ladies Night High Intermediate,,40471, High Intermediate,37218233,2025-07-14T18:00:00,2025-07-14T20:00:00,5406581,REDACTED,REDACTED,REDACTED,REDACTED,17.0,,False,,2025-07-14T17:17:05.863,2025-07-14T17:22:39.987
1390704,3.75+ Open Play,,47676,Low Advanced,37485152,2025-07-14T20:00:00,2025-07-14T22:00:00,6943308,REDACTED,REDACTED,REDACTED,REDACTED,17.0,,False,,2025-07-14T17:47:21.373,2025-07-14T23:07:17.4
1389757,ALL LEVELS Open Play - $20 Flat - Free with Basic & Premium Memberships,,53028,All Levels w/ Challenge Court,37456016,2025-07-19T18:00:00,2025-07-19T21:00:00,4215138,REDACTED,REDACTED,REDACTED,REDACTED,0.0,,False,,2025-07-14T18:29:51.643,2025-07-19T17:38:48.603
1389757,ALL LEVELS Open Play - $20 Flat - Free with Basic & Premium Memberships,,53028,All Levels w/ Challenge Court,37456016,2025-07-19T18:00:00,2025-07-19T21:00:00,4227203,REDACTED,REDACTED,REDACTED,REDACTED,0.0,,False,,2025-07-14T18:29:51.643,2025-07-19T17:38:52.437
1389743,Intro to Pickleball,,61814,Intro to Pickleball,37455649,2025-07-16T17:00:00,2025-07-16T18:00:00,7705099,REDACTED,REDACTED,REDACTED,REDACTED,10.0,,False,,2025-07-14T18:58:35.357,2025-07-16T19:43:55.463
1343080,4.25 Open Play,,69929,Invitation Only Group,36169846,2025-07-21T20:00:00,2025-07-21T22:00:00,6526825,REDACTED,REDACTED,REDACTED,REDACTED,0.0,,False,,2025-07-14T19:10:56.613,2025-07-21T13:11:55.38
1343080,4.25 Open Play,,69929,Invitation Only Group,36169845,2025-07-14T20:00:00,2025-07-14T22:00:00,4656860,REDACTED,REDACTED,REDACTED,REDACTED,5.0,,False,,2025-07-14T19:31:17.457,2025-07-14T19:44:11.843
1343080,4.25 Open Play,,69929,Invitation Only Group,36169845,2025-07-14T20:00:00,2025-07-14T22:00:00,4497727,REDACTED,REDACTED,REDACTED,REDACTED,5.0,,False,,2025-07-14T19:44:24.7,2025-07-15T02:12:55.317
1390742,3.75+ Open Play,,47676,Low Advanced,37486491,2025-07-15T20:00:00,2025-07-15T22:00:00,6029681,REDACTED,REDACTED,REDACTED,REDACTED,17.0,,False,,2025-07-14T20:07:55.067,2025-07-15T22:10:28.7
1389680,3.0 - 3.5 Open Play,,40472,Intermediate,37454000,2025-07-17T11:00:00,2025-07-17T13:00:00,5506132,REDACTED,REDACTED,REDACTED,REDACTED,5.0,,False,,2025-07-14T21:02:27.89,2025-07-15T00:13:42.63
1390738,3.0 - 3.5 Open Play,,40472,Intermediate,37486459,2025-07-15T18:00:00,2025-07-15T20:00:00,6785232,REDACTED,REDACTED,REDACTED,REDACTED,17.0,,False,,2025-07-14T22:05:03.92,2025-07-15T15:35:49.173
1390742,3.75+ Open Play,,47676,Low Advanced,37486491,2025-07-15T20:00:00,2025-07-15T22:00:00,3657082,REDACTED,REDACTED,REDACTED,REDACTED,17.0,,False,,2025-07-15T02:00:21.983,2025-07-15T21:01:56.933
1389843,4.0 Open Play,,40425,Advanced,37458345,2025-07-17T20:00:00,2025-07-17T22:00:00,4571450,REDACTED,REDACTED,REDACTED,REDACTED,17.0,,False,,2025-07-15T15:19:53.737,2025-07-16T20:52:24.407
1421615,4.0 Open Play,,40425,Advanced,38232290,2025-07-15T20:00:00,2025-07-15T22:00:00,4676393,REDACTED,REDACTED,REDACTED,REDACTED,5.0,,False,,2025-07-15T16:21:52.253,2025-07-15T17:48:25.137
1267425,4.25 Open Play,,69929,Invitation Only Group,34343748,2025-07-15T20:00:00,2025-07-15T22:00:00,3633753,REDACTED,REDACTED,REDACTED,REDACTED,17.0,,False,,2025-07-15T17:42:29.01,2025-07-15T22:11:09.383
1421794,ALL LEVELS Open Play - $20 Flat - Free with Basic & Premium Memberships,,53028,All Levels w/ Challenge Court,38236118,2025-07-15T20:00:00,2025-07-15T23:59:00,5874541,REDACTED,REDACTED,REDACTED,REDACTED,20.0,,False,,2025-07-15T20:14:55.45,2025-07-15T21:42:27.557
1389832,3.0 - 3.5 Open Play,,40472,Intermediate,37458008,2025-07-17T15:00:00,2025-07-17T17:00:00,5506132,REDACTED,REDACTED,REDACTED,REDACTED,5.0,,False,,2025-07-15T20:44:01.113,2025-07-15T23:18:15.24
1390738,3.0 - 3.5 Open Play,,40472,Intermediate,37486460,2025-07-22T18:00:00,2025-07-22T20:00:00,6594519,REDACTED,REDACTED,REDACTED,REDACTED,17.0,,False,,2025-07-16T13:06:24.347,2025-07-19T13:10:24.913
1389832,3.0 - 3.5 Open Play,,40472,Intermediate,37458009,2025-07-24T17:00:00,2025-07-24T19:00:00,6594519,REDACTED,REDACTED,REDACTED,REDACTED,17.0,,False,,2025-07-16T13:07:31.813,2025-07-19T13:10:49.853
1394214,Invitational Group,,69928,Advanced Invitational Group,37927902,2025-07-16T19:00:00,2025-07-16T22:00:00,4130360,REDACTED,REDACTED,REDACTED,REDACTED,0.0,,False,,2025-07-16T15:48:01.8,2025-07-16T16:06:19.22
1343087,Ladies Night High Intermediate,,40471, High Intermediate,37218234,2025-07-16T18:00:00,2025-07-16T20:00:00,3693447,REDACTED,REDACTED,REDACTED,REDACTED,17.0,,False,,2025-07-16T16:31:03.237,2025-07-16T16:37:32.3
1343087,Ladies Night High Intermediate,,40471, High Intermediate,37218234,2025-07-16T18:00:00,2025-07-16T20:00:00,4234334,REDACTED,REDACTED,REDACTED,REDACTED,17.0,,False,,2025-07-16T17:09:02.02,2025-07-16T20:16:11.487
1389575,3.5 - 3.5+ Open Play,,40471, High Intermediate,37451613,2025-07-17T09:00:00,2025-07-17T11:00:00,4890492,REDACTED,REDACTED,REDACTED,REDACTED,17.0,,False,,2025-07-16T17:29:44.573,2025-07-16T17:31:20.177
1390730,3.75+ Open Play,,47676,Low Advanced,37486212,2025-07-16T20:00:00,2025-07-16T22:00:00,4385315,REDACTED,REDACTED,REDACTED,REDACTED,17.0,,False,,2025-07-16T17:39:15.11,2025-07-16T22:36:12.773
1390728,4.0 Open Play,,40425,Advanced,37486067,2025-07-16T20:00:00,2025-07-16T22:00:00,3560719,REDACTED,REDACTED,REDACTED,REDACTED,17.0,,False,,2025-07-16T20:38:45.753,2025-07-16T23:14:12.583
1343087,Ladies Night High Intermediate,,40471, High Intermediate,37218236,2025-07-23T18:00:00,2025-07-23T20:00:00,5406581,REDACTED,REDACTED,REDACTED,REDACTED,17.0,,False,,2025-07-17T00:33:37.25,2025-07-22T15:14:47.323
1267391,4.25 Open Play,,69929,Invitation Only Group,34342542,2025-07-17T19:00:00,2025-07-17T22:00:00,4121929,REDACTED,REDACTED,REDACTED,REDACTED,7.5,,False,,2025-07-17T11:18:28.353,2025-07-17T18:36:06.653
1389757,ALL LEVELS Open Play - $20 Flat - Free with Basic & Premium Memberships,,53028,All Levels w/ Challenge Court,37456016,2025-07-19T18:00:00,2025-07-19T21:00:00,4226849,REDACTED,REDACTED,REDACTED,REDACTED,0.0,,False,,2025-07-17T15:09:19.313,2025-07-19T17:38:55.537
1389757,ALL LEVELS Open Play - $20 Flat - Free with Basic & Premium Memberships,,53028,All Levels w/ Challenge Court,37456016,2025-07-19T18:00:00,2025-07-19T21:00:00,4226941,REDACTED,REDACTED,REDACTED,REDACTED,0.0,,False,,2025-07-17T15:09:19.313,2025-07-19T17:38:44.943
1389803,3.5 - 3.5+ Open Play,,40471, High Intermediate,37457145,2025-07-20T09:00:00,2025-07-20T11:00:00,3638610,REDACTED,REDACTED,REDACTED,REDACTED,17.0,,False,,2025-07-17T16:33:26.54,2025-07-20T16:15:27.167
1389803,3.5 - 3.5+ Open Play,,40471, High Intermediate,37457145,2025-07-20T09:00:00,2025-07-20T11:00:00,3638611,REDACTED,REDACTED,REDACTED,REDACTED,17.0,,False,,2025-07-17T16:33:26.54,2025-07-20T16:15:31.903
1389832,3.0 - 3.5 Open Play,,40472,Intermediate,37458009,2025-07-24T17:00:00,2025-07-24T19:00:00,5226527,REDACTED,REDACTED,REDACTED,REDACTED,17.0,,False,,2025-07-17T17:14:09.42,2025-07-20T23:35:32.71
1389797,3.75+ Open Play,,47676,Low Advanced,37457054,2025-07-19T09:00:00,2025-07-19T11:00:00,4010709,REDACTED,REDACTED,REDACTED,REDACTED,5.0,,False,,2025-07-17T18:00:39.497,2025-07-18T17:38:30.677
1389856,Open Play High Intermediate 3.5,,40471, High Intermediate,37458790,2025-07-17T18:00:00,2025-07-17T20:00:00,7007034,REDACTED,REDACTED,REDACTED,REDACTED,17.0,,False,,2025-07-17T18:39:56.383,2025-07-17T22:04:59.24
1390719,3.0 - 3.5 Open Play,,40472,Intermediate,37485784,2025-07-23T18:00:00,2025-07-23T20:00:00,4391009,REDACTED,REDACTED,REDACTED,REDACTED,17.0,,False,,2025-07-17T19:33:36.283,2025-07-19T14:40:00.017
1389850,3.75+ Open Play,,47676,Low Advanced,37458615,2025-07-17T20:00:00,2025-07-17T22:00:00,3636659,REDACTED,REDACTED,REDACTED,REDACTED,5.0,,False,,2025-07-17T20:01:55.967,2025-07-17T20:02:46.313
1389772,3.5 - 3.5+ Open Play,,40471, High Intermediate,37456611,2025-07-19T11:00:00,2025-07-19T13:00:00,3653235,REDACTED,REDACTED,REDACTED,REDACTED,0.0,,False,,2025-07-17T21:02:33.923,2025-07-18T14:43:36.39
1389712,Guided Beginner,,46559,Guided Beginner Social,37454911,2025-07-18T17:00:00,2025-07-18T18:00:00,7721650,REDACTED,REDACTED,REDACTED,REDACTED,0.0,,False,,2025-07-18T00:24:31.193,2025-07-18T00:25:08.17
1389712,Guided Beginner,,46559,Guided Beginner Social,37454912,2025-07-24T17:00:00,2025-07-24T18:00:00,7661934,REDACTED,REDACTED,REDACTED,REDACTED,10.0,,False,,2025-07-18T15:23:29.523,2025-07-23T21:04:18.533
1389712,Guided Beginner,,46559,Guided Beginner Social,37454911,2025-07-18T17:00:00,2025-07-18T18:00:00,7593000,REDACTED,REDACTED,REDACTED,REDACTED,10.0,,False,,2025-07-18T17:03:47.143,2025-07-18T17:14:17.15
1389712,Guided Beginner,,46559,Guided Beginner Social,37454911,2025-07-18T17:00:00,2025-07-18T18:00:00,7593000,REDACTED,REDACTED,REDACTED,REDACTED,10.0,,False,,2025-07-18T17:15:13.897,2025-07-18T17:56:04.1
1389772,3.5 - 3.5+ Open Play,,40471, High Intermediate,37456611,2025-07-19T11:00:00,2025-07-19T13:00:00,4226129,REDACTED,REDACTED,REDACTED,REDACTED,27.0,,False,,2025-07-18T17:39:11.873,2025-07-19T15:06:21.237
1389772,3.5 - 3.5+ Open Play,,40471, High Intermediate,37456611,2025-07-19T11:00:00,2025-07-19T13:00:00,7024695,REDACTED,REDACTED,REDACTED,REDACTED,27.0,,False,,2025-07-18T17:39:12.343,2025-07-19T15:06:25.143
1389758,ALL LEVELS Open Play - $20 Flat - Free with Basic & Premium Memberships,,53028,All Levels w/ Challenge Court,37456164,2025-07-19T15:00:00,2025-07-19T18:00:00,6947794,REDACTED,REDACTED,REDACTED,REDACTED,20.0,,False,,2025-07-18T18:39:55.97,2025-07-19T02:22:44.227
1389757,ALL LEVELS Open Play - $20 Flat - Free with Basic & Premium Memberships,,53028,All Levels w/ Challenge Court,37456016,2025-07-19T18:00:00,2025-07-19T21:00:00,6947794,REDACTED,REDACTED,REDACTED,REDACTED,20.0,,False,,2025-07-18T18:45:28.16,2025-07-19T02:22:58.36
1343087,Ladies Night High Intermediate,,40471, High Intermediate,37218235,2025-07-21T18:00:00,2025-07-21T20:00:00,4115914,REDACTED,REDACTED,REDACTED,REDACTED,27.0,,False,,2025-07-18T20:19:44.253,2025-07-20T18:22:05.513
1343087,Ladies Night High Intermediate,,40471, High Intermediate,37218235,2025-07-21T18:00:00,2025-07-21T20:00:00,3822950,REDACTED,REDACTED,REDACTED,REDACTED,17.0,,False,,2025-07-18T20:33:35.757,2025-07-20T15:06:36.123
1389758,ALL LEVELS Open Play - $20 Flat - Free with Basic & Premium Memberships,,53028,All Levels w/ Challenge Court,37456164,2025-07-19T15:00:00,2025-07-19T18:00:00,6340559,REDACTED,REDACTED,REDACTED,REDACTED,20.0,,False,,2025-07-18T22:49:10.427,2025-07-19T19:31:29.323
1389772,3.5 - 3.5+ Open Play,,40471, High Intermediate,37456611,2025-07-19T11:00:00,2025-07-19T13:00:00,4391788,REDACTED,REDACTED,REDACTED,REDACTED,0.0,,False,,2025-07-19T12:42:45.06,2025-07-19T13:50:49.7
1389758,ALL LEVELS Open Play - $20 Flat - Free with Basic & Premium Memberships,,53028,All Levels w/ Challenge Court,37456165,2025-07-20T15:00:00,2025-07-20T18:00:00,7753748,REDACTED,REDACTED,REDACTED,REDACTED,20.0,,False,,2025-07-19T18:59:09.473,2025-07-19T19:02:12.11
1116980,Summer Kids Clinics - Ages 8-12,,65804,Kids Summer Camp,31010644,2025-07-30T09:00:00,2025-07-30T14:00:00,7754919,REDACTED,REDACTED,REDACTED,REDACTED,60.0,,False,,2025-07-19T19:35:42.14,2025-07-29T19:07:27.677
1389768,3.0 - 3.5 Open Play,,40472,Intermediate,37456537,2025-07-20T11:00:00,2025-07-20T13:00:00,4403131,REDACTED,REDACTED,REDACTED,REDACTED,17.0,,False,,2025-07-20T14:08:04.373,2025-07-20T14:30:14.777
1343087,Ladies Night High Intermediate,,40471, High Intermediate,37218235,2025-07-21T18:00:00,2025-07-21T20:00:00,3673738,REDACTED,REDACTED,REDACTED,REDACTED,17.0,,False,,2025-07-20T21:00:16.72,2025-07-21T21:01:04.85
1390700,3.75+ Open Play,,47676,Low Advanced,37484959,2025-07-21T18:00:00,2025-07-21T20:00:00,5773958,REDACTED,REDACTED,REDACTED,REDACTED,17.0,,False,,2025-07-20T23:17:55.043,2025-07-21T20:00:01.54
1389856,Open Play High Intermediate 3.5,,40471, High Intermediate,37458791,2025-07-24T18:00:00,2025-07-24T20:00:00,3638611,REDACTED,REDACTED,REDACTED,REDACTED,17.0,,False,,2025-07-21T12:33:11.457,2025-07-23T19:08:37.1
1389850,3.75+ Open Play,,47676,Low Advanced,37458616,2025-07-24T20:00:00,2025-07-24T22:00:00,5747219,REDACTED,REDACTED,REDACTED,REDACTED,5.0,,False,,2025-07-21T12:35:09.457,2025-07-24T21:20:49.047
1390706,4.0 Open Play,,40425,Advanced,37485182,2025-07-21T20:00:00,2025-07-21T22:00:00,4294115,REDACTED,REDACTED,REDACTED,REDACTED,5.0,,False,,2025-07-21T16:44:47.237,2025-07-21T19:33:05.35
1390717,4.5+ Open Play,,69928,Advanced Invitational Group,37485674,2025-07-24T19:00:00,2025-07-24T22:00:00,5168709,REDACTED,REDACTED,REDACTED,REDACTED,17.0,,False,,2025-07-21T16:58:58.183,2025-07-22T03:11:50.59
1390741,ALL LEVELS Open Play - $20 Flat - Free with Basic & Premium Memberships,,53028,All Levels w/ Challenge Court,37486484,2025-07-22T22:00:00,2025-07-23T01:00:00,4309364,REDACTED,REDACTED,REDACTED,REDACTED,0.0,,False,,2025-07-21T17:30:32.88,2025-07-23T01:25:50.477
1390728,4.0 Open Play,,40425,Advanced,37486068,2025-07-23T20:00:00,2025-07-23T22:00:00,4371832,REDACTED,REDACTED,REDACTED,REDACTED,17.0,17.0,True,,2025-07-21T19:46:07.607,2025-07-23T21:53:56.32
1389712,Guided Beginner,,46559,Guided Beginner Social,37454912,2025-07-24T17:00:00,2025-07-24T18:00:00,7738940,REDACTED,REDACTED,REDACTED,REDACTED,0.0,0.0,False,,2025-07-21T22:14:37.447,2025-07-23T21:04:18.643
1389680,3.0 - 3.5 Open Play,,40472,Intermediate,37454004,2025-07-23T11:00:00,2025-07-23T13:00:00,4519775,REDACTED,REDACTED,REDACTED,REDACTED,5.0,,False,,2025-07-22T00:27:49.467,2025-07-22T15:32:30.623
1389680,3.0 - 3.5 Open Play,,40472,Intermediate,37454003,2025-07-22T11:00:00,2025-07-22T13:00:00,4519775,REDACTED,REDACTED,REDACTED,REDACTED,5.0,,False,,2025-07-22T02:14:46.37,2025-07-22T13:40:16.31
1389850,3.75+ Open Play,,47676,Low Advanced,37458616,2025-07-24T20:00:00,2025-07-24T22:00:00,6128357,REDACTED,REDACTED,REDACTED,REDACTED,17.0,,False,,2025-07-22T03:26:07.14,2025-07-24T21:31:31.427
1389657,All You Can Play $15 Flat - Free with Basic and Premium Memberships,,53028,All Levels w/ Challenge Court,37453437,2025-07-25T22:00:00,2025-07-25T23:59:00,4215138,REDACTED,REDACTED,REDACTED,REDACTED,0.0,,False,,2025-07-22T11:57:06.807,2025-07-25T13:15:02.027
1389657,All You Can Play $15 Flat - Free with Basic and Premium Memberships,,53028,All Levels w/ Challenge Court,37453437,2025-07-25T22:00:00,2025-07-25T23:59:00,4227203,REDACTED,REDACTED,REDACTED,REDACTED,0.0,,False,,2025-07-22T11:57:06.807,2025-07-25T13:15:02.04
1389680,3.0 - 3.5 Open Play,,40472,Intermediate,37454004,2025-07-23T11:00:00,2025-07-23T13:00:00,4832036,REDACTED,REDACTED,REDACTED,REDACTED,17.0,,False,,2025-07-22T13:04:58.66,2025-07-22T14:56:43.84
1389853,3.75+ Open Play,,47676,Low Advanced,37458752,2025-07-24T18:00:00,2025-07-24T20:00:00,6217940,REDACTED,REDACTED,REDACTED,REDACTED,17.0,,False,,2025-07-22T14:42:48.56,2025-07-24T21:20:01.327
1389726,3.75+ Open Play,,47676,Low Advanced,37455320,2025-07-22T18:00:00,2025-07-22T20:00:00,4590271,REDACTED,REDACTED,REDACTED,REDACTED,17.0,,False,,2025-07-22T15:15:42.81,2025-07-22T20:43:58.683
1389664,3.5 - 3.5+ Open Play,,40471, High Intermediate,37453617,2025-07-23T11:00:00,2025-07-23T13:00:00,4907433,REDACTED,REDACTED,REDACTED,REDACTED,10.0,,False,,2025-07-22T16:32:11.627,2025-07-23T13:45:09.193
1390742,3.75+ Open Play,,47676,Low Advanced,37486492,2025-07-22T20:00:00,2025-07-22T22:00:00,3657082,REDACTED,REDACTED,REDACTED,REDACTED,17.0,,False,,2025-07-22T16:45:48.44,2025-07-22T19:15:36.017
1389726,3.75+ Open Play,,47676,Low Advanced,37455320,2025-07-22T18:00:00,2025-07-22T20:00:00,7007034,REDACTED,REDACTED,REDACTED,REDACTED,17.0,,False,,2025-07-22T16:52:53.423,2025-07-22T20:45:41.48
1390742,3.75+ Open Play,,47676,Low Advanced,37486492,2025-07-22T20:00:00,2025-07-22T22:00:00,3636659,REDACTED,REDACTED,REDACTED,REDACTED,5.0,,False,,2025-07-22T17:13:07.08,2025-07-22T19:15:39.457
1390703,3.0 - 3.5 Open Play,,40472,Intermediate,37485117,2025-07-28T18:00:00,2025-07-28T20:00:00,5226527,REDACTED,REDACTED,REDACTED,REDACTED,17.0,,False,,2025-07-22T20:40:56.27,2025-07-25T18:53:09.37
1267425,4.25 Open Play,,69929,Invitation Only Group,34343749,2025-07-22T20:00:00,2025-07-22T22:00:00,6526825,REDACTED,REDACTED,REDACTED,REDACTED,0.0,,False,,2025-07-22T21:02:30.337,2025-07-22T21:02:41.333
1390728,4.0 Open Play,,40425,Advanced,37486068,2025-07-23T20:00:00,2025-07-23T22:00:00,6526825,REDACTED,REDACTED,REDACTED,REDACTED,0.0,,False,,2025-07-22T21:39:29.297,2025-07-23T21:53:53.07
1431762,ALL LEVELS Open Play - $20 Flat - Free with Basic & Premium Memberships,,53028,All Levels w/ Challenge Court,38559972,2025-07-22T18:00:00,2025-07-22T21:00:00,6146213,REDACTED,REDACTED,REDACTED,REDACTED,20.0,,False,,2025-07-22T21:54:50.57,2025-07-22T22:26:36.467
1343087,Ladies Night High Intermediate,,40471, High Intermediate,37218237,2025-07-28T18:00:00,2025-07-28T20:00:00,3673738,REDACTED,REDACTED,REDACTED,REDACTED,17.0,,False,,2025-07-22T22:18:16.067,2025-07-27T19:52:22.607
1390703,3.0 - 3.5 Open Play,,40472,Intermediate,37485117,2025-07-28T18:00:00,2025-07-28T20:00:00,5506132,REDACTED,REDACTED,REDACTED,REDACTED,5.0,,False,,2025-07-23T01:33:10.27,2025-07-25T18:47:57.06
1432419,3.0 - 3.5 Open Play,,51726,3.0-3.5+ COMBINED OPEN PLAY,38577900,2025-07-26T09:00:00,2025-07-26T11:00:00,5506132,REDACTED,REDACTED,REDACTED,REDACTED,5.0,,False,,2025-07-23T02:21:49.53,2025-07-24T14:31:44.803
1389645,All Levels Open Play,,53028,All Levels w/ Challenge Court,37453175,2025-07-25T13:00:00,2025-07-25T15:00:00,4241427,REDACTED,REDACTED,REDACTED,REDACTED,0.0,,False,,2025-07-23T04:22:53.777,2025-07-25T12:53:38.097
1396029,ALL LEVELS Open Play - $15 Flat - Free with Basic & Premium Memberships,,53028,All Levels w/ Challenge Court,37668220,2025-07-24T22:00:00,2025-07-24T23:59:00,4309364,REDACTED,REDACTED,REDACTED,REDACTED,0.0,,False,,2025-07-23T07:38:17.893,2025-07-24T22:57:44.363
1389664,3.5 - 3.5+ Open Play,,40471, High Intermediate,37453617,2025-07-23T11:00:00,2025-07-23T13:00:00,3633419,REDACTED,REDACTED,REDACTED,REDACTED,0.0,,False,,2025-07-23T10:49:44.723,2025-07-23T13:45:09.207
1432419,3.0 - 3.5 Open Play,,51726,3.0-3.5+ COMBINED OPEN PLAY,38577900,2025-07-26T09:00:00,2025-07-26T11:00:00,5969046,REDACTED,REDACTED,REDACTED,REDACTED,27.0,,False,,2025-07-23T12:01:32.997,2025-07-24T15:23:34.247
1390703,3.0 - 3.5 Open Play,,40472,Intermediate,37485117,2025-07-28T18:00:00,2025-07-28T20:00:00,4402949,REDACTED,REDACTED,REDACTED,REDACTED,17.0,,False,,2025-07-23T13:51:22.587,2025-07-26T17:01:26.083
1389575,3.5 - 3.5+ Open Play,,40471, High Intermediate,37451618,2025-07-25T09:00:00,2025-07-25T11:00:00,3780420,REDACTED,REDACTED,REDACTED,REDACTED,17.0,,False,,2025-07-23T14:11:52.693,2025-07-24T22:15:41.97
1390730,3.75+ Open Play,,47676,Low Advanced,37486213,2025-07-23T20:00:00,2025-07-23T22:00:00,6029681,REDACTED,REDACTED,REDACTED,REDACTED,17.0,,False,,2025-07-23T18:12:29.95,2025-07-23T22:30:39.467
1390730,3.75+ Open Play,,47676,Low Advanced,37486213,2025-07-23T20:00:00,2025-07-23T22:00:00,5773958,REDACTED,REDACTED,REDACTED,REDACTED,17.0,,False,,2025-07-23T21:25:41.063,2025-07-23T22:30:33.01
1389575,3.5 - 3.5+ Open Play,,40471, High Intermediate,37451618,2025-07-25T09:00:00,2025-07-25T11:00:00,4888955,REDACTED,REDACTED,REDACTED,REDACTED,10.0,,False,,2025-07-24T02:19:03.827,2025-07-24T08:43:57.36
1432419,3.0 - 3.5 Open Play,,51726,3.0-3.5+ COMBINED OPEN PLAY,38577900,2025-07-26T09:00:00,2025-07-26T11:00:00,5226527,REDACTED,REDACTED,REDACTED,REDACTED,17.0,,False,,2025-07-24T09:54:11.223,2025-07-24T14:29:33.09
1343087,Ladies Night High Intermediate,,40471, High Intermediate,37218238,2025-07-30T18:00:00,2025-07-30T20:00:00,3664709,REDACTED,REDACTED,REDACTED,REDACTED,17.0,,False,,2025-07-24T12:03:13.22,2025-07-29T21:33:55.597
1432419,3.0 - 3.5 Open Play,,51726,3.0-3.5+ COMBINED OPEN PLAY,38577900,2025-07-26T09:00:00,2025-07-26T11:00:00,6340559,REDACTED,REDACTED,REDACTED,REDACTED,17.0,,False,,2025-07-24T12:15:40.73,2025-07-25T11:34:18.41
1390738,3.0 - 3.5 Open Play,,40472,Intermediate,37486461,2025-07-29T18:00:00,2025-07-29T20:00:00,6594519,REDACTED,REDACTED,REDACTED,REDACTED,17.0,,False,,2025-07-24T12:53:48.67,2025-07-24T12:54:05.69
1390738,3.0 - 3.5 Open Play,,40472,Intermediate,37486461,2025-07-29T18:00:00,2025-07-29T20:00:00,6594519,REDACTED,REDACTED,REDACTED,REDACTED,17.0,,False,,2025-07-24T13:03:12.17,2025-07-24T13:03:26.567
1390703,3.0 - 3.5 Open Play,,40472,Intermediate,37485117,2025-07-28T18:00:00,2025-07-28T20:00:00,6594519,REDACTED,REDACTED,REDACTED,REDACTED,17.0,,False,,2025-07-24T13:03:50.813,2025-07-27T05:39:45.973
1389832,3.0 - 3.5 Open Play,,40472,Intermediate,37458010,2025-07-31T17:00:00,2025-07-31T19:00:00,6594519,REDACTED,REDACTED,REDACTED,REDACTED,17.0,,False,,2025-07-24T13:05:09.773,2025-07-29T12:14:17.053
1343087,Ladies Night High Intermediate,,40471, High Intermediate,37218237,2025-07-28T18:00:00,2025-07-28T20:00:00,3652960,REDACTED,REDACTED,REDACTED,REDACTED,17.0,,False,,2025-07-24T14:02:07.08,2025-07-26T14:11:19.83
1389712,Guided Beginner,,46559,Guided Beginner Social,37454913,2025-07-25T17:00:00,2025-07-25T18:00:00,7782257,REDACTED,REDACTED,REDACTED,REDACTED,0.0,0.0,False,,2025-07-24T15:33:00.753,2025-07-24T21:04:16.083
1389856,Open Play High Intermediate 3.5,,40471, High Intermediate,37458791,2025-07-24T18:00:00,2025-07-24T20:00:00,5930121,REDACTED,REDACTED,REDACTED,REDACTED,5.0,,False,,2025-07-24T16:31:15.343,2025-07-24T19:00:11.963
1389813,Advanced Beginner Open Play,,40470,Advanced Beginner,37457505,2025-07-26T09:00:00,2025-07-26T11:00:00,4449926,REDACTED,REDACTED,REDACTED,REDACTED,17.0,,False,,2025-07-24T18:39:42.427,2025-07-25T19:54:00.387
1389813,Advanced Beginner Open Play,,40470,Advanced Beginner,37457505,2025-07-26T09:00:00,2025-07-26T11:00:00,7699687,REDACTED,REDACTED,REDACTED,REDACTED,27.0,,False,,2025-07-24T18:39:42.427,2025-07-25T20:13:45.147
1389850,3.75+ Open Play,,47676,Low Advanced,37458616,2025-07-24T20:00:00,2025-07-24T22:00:00,6029681,REDACTED,REDACTED,REDACTED,REDACTED,17.0,,False,,2025-07-24T18:48:22.563,2025-07-24T21:32:43.123
1389712,Guided Beginner,,46559,Guided Beginner Social,37454914,2025-07-31T17:00:00,2025-07-31T18:00:00,7788915,REDACTED,REDACTED,REDACTED,REDACTED,0.0,0.0,False,,2025-07-24T19:16:48.71,2025-07-31T16:33:45.797
1389712,Guided Beginner,,46559,Guided Beginner Social,37454914,2025-07-31T17:00:00,2025-07-31T18:00:00,7788939,REDACTED,REDACTED,REDACTED,REDACTED,0.0,0.0,False,,2025-07-24T19:16:48.757,2025-07-31T16:33:40.77
1431762,ALL LEVELS Open Play - $20 Flat - Free with Basic & Premium Memberships,,53028,All Levels w/ Challenge Court,38656203,2025-07-24T21:00:00,2025-07-24T23:59:00,5159887,REDACTED,REDACTED,REDACTED,REDACTED,0.0,,False,,2025-07-24T22:18:36.147,2025-07-25T00:43:31.62
1431775,ALL LEVELS Open Play - $20 Flat - Free with Basic & Premium Memberships,,53028,All Levels w/ Challenge Court,38656235,2025-07-24T18:00:00,2025-07-24T21:00:00,4126905,REDACTED,REDACTED,REDACTED,REDACTED,20.0,,False,,2025-07-24T23:58:29.017,2025-07-25T00:19:18.083
1431775,ALL LEVELS Open Play - $20 Flat - Free with Basic & Premium Memberships,,53028,All Levels w/ Challenge Court,38656235,2025-07-24T18:00:00,2025-07-24T21:00:00,4126905,REDACTED,REDACTED,REDACTED,REDACTED,20.0,,False,,2025-07-25T00:21:04.93,2025-07-25T00:32:09.943
1389778,3.5 - 3.5+ Open Play,,40471, High Intermediate,37456676,2025-07-27T11:00:00,2025-07-27T13:00:00,4010709,REDACTED,REDACTED,REDACTED,REDACTED,5.0,,False,,2025-07-25T03:02:13.723,2025-07-25T03:02:37.277
1343087,Ladies Night High Intermediate,,40471, High Intermediate,37218237,2025-07-28T18:00:00,2025-07-28T20:00:00,4212642,REDACTED,REDACTED,REDACTED,REDACTED,17.0,,False,,2025-07-25T05:01:55.587,2025-07-26T13:12:42.78
1436060,Cross Club 4.5-5.4 Practice,,51017,Cross Club Events,38697411,2025-07-25T19:00:00,2025-07-25T21:00:00,3739793,REDACTED,REDACTED,REDACTED,REDACTED,20.0,,False,,2025-07-25T15:50:40.007,2025-07-25T19:35:02.203
1390738,3.0 - 3.5 Open Play,,40472,Intermediate,37486461,2025-07-29T18:00:00,2025-07-29T20:00:00,5506132,REDACTED,REDACTED,REDACTED,REDACTED,5.0,,False,,2025-07-25T19:16:01.963,2025-07-25T19:43:15.583
1390738,3.0 - 3.5 Open Play,,40472,Intermediate,37486461,2025-07-29T18:00:00,2025-07-29T20:00:00,5226527,REDACTED,REDACTED,REDACTED,REDACTED,17.0,,False,,2025-07-25T19:16:11.933,2025-07-25T19:43:56.64
1343087,Ladies Night High Intermediate,,40471, High Intermediate,37218237,2025-07-28T18:00:00,2025-07-28T20:00:00,3653235,REDACTED,REDACTED,REDACTED,REDACTED,0.0,,False,,2025-07-25T20:27:20.783,2025-07-27T13:15:44.743
1389654,ALL LEVELS Open Play - $20 Flat - Free with Basic & Premium Memberships,,53028,All Levels w/ Challenge Court,37453377,2025-07-25T19:00:00,2025-07-25T22:00:00,7036509,REDACTED,REDACTED,REDACTED,REDACTED,20.0,,False,,2025-07-25T21:46:05,2025-07-25T22:17:09.433
1389768,3.0 - 3.5 Open Play,,40472,Intermediate,37456539,2025-07-27T11:00:00,2025-07-27T13:00:00,5095208,REDACTED,REDACTED,REDACTED,REDACTED,17.0,,False,,2025-07-26T14:41:29.553,2025-07-27T17:47:24.053
1389680,3.0 - 3.5 Open Play,,40472,Intermediate,37454007,2025-07-28T11:00:00,2025-07-28T13:00:00,5095208,REDACTED,REDACTED,REDACTED,REDACTED,17.0,,False,,2025-07-26T14:42:51.723,2025-07-28T13:34:14.35
1343080,4.25 Open Play,,69929,Invitation Only Group,36169847,2025-07-28T20:00:00,2025-07-28T22:00:00,5887442,REDACTED,REDACTED,REDACTED,REDACTED,0.0,,False,,2025-07-26T16:22:48.57,2025-07-27T19:33:37.757
1389757,ALL LEVELS Open Play - $20 Flat - Free with Basic & Premium Memberships,,53028,All Levels w/ Challenge Court,37456018,2025-07-26T18:00:00,2025-07-26T21:00:00,7753748,REDACTED,REDACTED,REDACTED,REDACTED,20.0,,False,,2025-07-26T19:10:30.553,2025-07-27T00:54:39.963
1343087,Ladies Night High Intermediate,,40471, High Intermediate,37218238,2025-07-30T18:00:00,2025-07-30T20:00:00,3665508,REDACTED,REDACTED,REDACTED,REDACTED,17.0,,False,,2025-07-26T22:04:49.597,2025-07-28T15:34:51.627
1389743,Intro to Pickleball,,61814,Intro to Pickleball,37455658,2025-07-31T10:00:00,2025-07-31T11:00:00,4779862,REDACTED,REDACTED,REDACTED,REDACTED,10.0,10.0,False,,2025-07-27T00:06:45.45,2025-07-31T13:50:29.617
1389757,ALL LEVELS Open Play - $20 Flat - Free with Basic & Premium Memberships,,53028,All Levels w/ Challenge Court,37456019,2025-07-27T18:00:00,2025-07-27T21:00:00,7522147,REDACTED,REDACTED,REDACTED,REDACTED,20.0,,False,,2025-07-27T17:57:43.01,2025-07-27T20:09:12.23
1389680,3.0 - 3.5 Open Play,,40472,Intermediate,37454007,2025-07-28T11:00:00,2025-07-28T13:00:00,4519775,REDACTED,REDACTED,REDACTED,REDACTED,5.0,,False,,2025-07-28T00:25:21.083,2025-07-28T13:34:14.383
1389664,3.5 - 3.5+ Open Play,,40471, High Intermediate,37453622,2025-07-30T11:00:00,2025-07-30T13:00:00,4220632,REDACTED,REDACTED,REDACTED,REDACTED,17.0,,False,,2025-07-28T00:41:50.62,2025-07-30T14:04:15.753
1267425,4.25 Open Play,,69929,Invitation Only Group,34343750,2025-07-29T20:00:00,2025-07-29T22:00:00,5874541,REDACTED,REDACTED,REDACTED,REDACTED,27.0,,False,,2025-07-28T01:36:38.383,2025-07-28T15:17:52.857
1390703,3.0 - 3.5 Open Play,,40472,Intermediate,37485117,2025-07-28T18:00:00,2025-07-28T20:00:00,4519775,REDACTED,REDACTED,REDACTED,REDACTED,5.0,,False,,2025-07-28T01:53:09.44,2025-07-28T13:34:45.44
1343087,Ladies Night High Intermediate,,40471, High Intermediate,37218238,2025-07-30T18:00:00,2025-07-30T20:00:00,3665521,REDACTED,REDACTED,REDACTED,REDACTED,17.0,,False,,2025-07-28T10:33:12.69,2025-07-28T12:25:48.743
1390738,3.0 - 3.5 Open Play,,40472,Intermediate,37486461,2025-07-29T18:00:00,2025-07-29T20:00:00,5506132,REDACTED,REDACTED,REDACTED,REDACTED,5.0,,False,,2025-07-28T18:27:56.543,2025-07-28T21:37:53.717
1389680,3.0 - 3.5 Open Play,,40472,Intermediate,37454008,2025-07-29T11:00:00,2025-07-29T13:00:00,4519775,REDACTED,REDACTED,REDACTED,REDACTED,5.0,,False,,2025-07-28T23:30:55.177,2025-07-29T14:05:39.437
1389664,3.5 - 3.5+ Open Play,,40471, High Intermediate,37453621,2025-07-29T11:00:00,2025-07-29T13:00:00,4593181,REDACTED,REDACTED,REDACTED,REDACTED,27.0,,True,,2025-07-29T02:04:15.7,2025-07-29T13:17:57.48
1343087,Ladies Night High Intermediate,,40471, High Intermediate,37218238,2025-07-30T18:00:00,2025-07-30T20:00:00,3635610,REDACTED,REDACTED,REDACTED,REDACTED,17.0,,False,,2025-07-29T02:17:58.5,2025-07-29T21:38:04.587
1390717,4.5+ Open Play,,69928,Advanced Invitational Group,37485675,2025-07-31T19:00:00,2025-07-31T22:00:00,3633753,REDACTED,REDACTED,REDACTED,REDACTED,17.0,,False,,2025-07-29T16:32:22.493,2025-07-31T15:37:24.277
1389664,3.5 - 3.5+ Open Play,,40471, High Intermediate,37453622,2025-07-30T11:00:00,2025-07-30T13:00:00,4907433,REDACTED,REDACTED,REDACTED,REDACTED,10.0,,False,,2025-07-30T01:04:20.91,2025-07-30T14:04:15.783
1267391,4.25 Open Play,,69929,Invitation Only Group,34342544,2025-07-31T19:00:00,2025-07-31T22:00:00,3673441,REDACTED,REDACTED,REDACTED,REDACTED,0.0,,False,,2025-07-30T18:54:54.38,2025-07-30T22:11:50.747
1343087,Ladies Night High Intermediate,,40471, High Intermediate,37218238,2025-07-30T18:00:00,2025-07-30T20:00:00,3656576,REDACTED,REDACTED,REDACTED,REDACTED,27.0,,False,,2025-07-30T19:56:54.497,2025-07-30T21:47:11.057
1343087,Ladies Night High Intermediate,,40471, High Intermediate,37218238,2025-07-30T18:00:00,2025-07-30T20:00:00,3656545,REDACTED,REDACTED,REDACTED,REDACTED,17.0,,False,,2025-07-30T21:46:46.797,2025-07-30T21:47:57.34
1284997,Glenn's Private Group,,48032,Private Event,37658255,2025-07-31T11:00:00,2025-07-31T13:00:00,3635583,REDACTED,REDACTED,REDACTED,REDACTED,5.0,,False,,2025-07-30T23:56:23.977,2025-07-31T13:18:13.863
1389853,3.75+ Open Play,,47676,Low Advanced,37458753,2025-07-31T18:00:00,2025-07-31T20:00:00,4590271,REDACTED,REDACTED,REDACTED,REDACTED,17.0,,False,,2025-07-31T13:09:13.1,2025-07-31T15:56:34.287
1389850,3.75+ Open Play,,47676,Low Advanced,37458617,2025-07-31T20:00:00,2025-07-31T22:00:00,4249747,REDACTED,REDACTED,REDACTED,REDACTED,5.0,,False,,2025-07-31T13:46:26.717,2025-07-31T19:22:54.853
1390717,4.5+ Open Play,,69928,Advanced Invitational Group,37485675,2025-07-31T19:00:00,2025-07-31T22:00:00,4249747,REDACTED,REDACTED,REDACTED,REDACTED,17.0,,False,,2025-07-31T15:19:32.61,2025-07-31T15:37:24.307
1390717,4.5+ Open Play,,69928,Advanced Invitational Group,37485675,2025-07-31T19:00:00,2025-07-31T22:00:00,5863230,REDACTED,REDACTED,REDACTED,REDACTED,17.0,,False,,2025-07-31T15:19:32.673,2025-07-31T15:37:24.34
1390717,4.5+ Open Play,,69928,Advanced Invitational Group,37485675,2025-07-31T19:00:00,2025-07-31T22:00:00,4298082,REDACTED,REDACTED,REDACTED,REDACTED,17.0,,False,,2025-07-31T15:19:32.733,2025-07-31T15:37:24.38
1390717,4.5+ Open Play,,69928,Advanced Invitational Group,37485675,2025-07-31T19:00:00,2025-07-31T22:00:00,3633754,REDACTED,REDACTED,REDACTED,REDACTED,17.0,,False,,2025-07-31T15:19:44.127,2025-07-31T15:37:24.41
1444668,ALL LEVELS Open Play - $20 Flat - Free with Basic & Premium Memberships,,53028,All Levels w/ Challenge Court,38996440,2025-07-31T21:00:00,2025-07-31T23:59:00,7740181,REDACTED,REDACTED,REDACTED,REDACTED,20.0,,False,,2025-07-31T18:48:14.19,2025-07-31T23:49:36.68
1444625,Private Group,,69928,Advanced Invitational Group,38994200,2025-07-31T19:00:00,2025-07-31T22:00:00,4276066,REDACTED,REDACTED,REDACTED,REDACTED,20.0,,False,,2025-07-31T19:52:21.81,2025-07-31T22:59:42.407
1444665,ALL LEVELS Open Play - $20 Flat - Free with Basic & Premium Memberships,,53028,All Levels w/ Challenge Court,38996405,2025-07-31T18:00:00,2025-07-31T21:00:00,5727734,REDACTED,REDACTED,REDACTED,REDACTED,20.0,,False,,2025-07-31T21:57:42.873,2025-07-31T22:27:08.5
1389664,3.5 - 3.5+ Open Play,,40471, High Intermediate,37453623,2025-07-31T11:00:00,2025-07-31T13:00:00,7868799,REDACTED,REDACTED,REDACTED,REDACTED,0.0,0.0,False,,2025-08-03T20:13:26.693,2025-08-03T20:16:03.783
