EventId,EventName,EventCategoryId,EventCategoryName,StartDateTime,EndDateTime,ReservationId,BackgroundColor,TextColor,IsRegistered,SsoUrl,ImageUrl,MaxRegistrants,RegisteredCount,PriceInfo,RatingRestrictions,TagsInfo
1267427,4.25 Open Play,69929,Invitation Only Group,2025-06-01T07:00:00,2025-06-01T09:00:00,34343902,#95002a,#ffffff,False,REDACTED,,10.0,,[],[],[]
1342228,4.0 Open Play,40425,Advanced,2025-06-01T07:00:00,2025-06-01T09:00:00,36136582,#121312,#ffffff,False,REDACTED,,10.0,,[],[],[]
1342229,3.75+ Open Play,47676,Low Advanced,2025-06-01T07:00:00,2025-06-01T09:00:00,36136610,#51074a,#ffffff,False,REDACTED,,10.0,,[],[],[]
1342230,3.75+ Open Play,47676,Low Advanced,2025-06-01T09:00:00,2025-06-01T11:00:00,36136650,#51074a,#ffffff,False,REDACTED,,10.0,,[],[],[]
1342243,3.5 - 3.5+ Open Play,40471, High Intermediate,2025-06-01T09:00:00,2025-06-01T11:00:00,36137025,#d69cbc,#1a1919,False,REDACTED,,10.0,,[],[],[]
1224713,Beginner Open Play (Unsupervised),61862,Beginner Open Play,2025-06-01T11:00:00,2025-06-01T12:00:00,33580116,#dcedc1,#000000,False,REDACTED,,4.0,,[],[],[]
1342254,3.5 - 3.5+ Open Play,40471, High Intermediate,2025-06-01T11:00:00,2025-06-01T13:00:00,36137274,#d69cbc,#1a1919,False,REDACTED,,10.0,,[],[],[]
1342266,3.0 - 3.5 Open Play,40472,Intermediate,2025-06-01T11:00:00,2025-06-01T13:00:00,36137477,#ffd3b6,#171717,False,REDACTED,,10.0,,[],[],[]
1342273,All You Can Play $15 Flat - Free with Basic and Premium Memberships,53028,All Levels w/ Challenge Court,2025-06-01T13:00:00,2025-06-01T15:00:00,36137640,#74d600,#000000,False,REDACTED,,24.0,,[],[],[]
1180120,(50+ - 4.0+) Cross Club League Match - The Pickle Jar,51017,Cross Club Events,2025-06-01T14:00:00,2025-06-01T17:00:00,32454175,#eae323,#100f0f,False,REDACTED,,20.0,,[],[],[]
1342289,ALL LEVELS Open Play - $20 Flat - Free with Basic & Premium Memberships,53028,All Levels w/ Challenge Court,2025-06-01T15:00:00,2025-06-01T18:00:00,36138050,#74d600,#000000,False,REDACTED,,42.0,,[],[],[]
1342326,ALL LEVELS Open Play - $20 Flat - Free with Basic & Premium Memberships,53028,All Levels w/ Challenge Court,2025-06-01T18:00:00,2025-06-01T21:00:00,36138904,#74d600,#000000,False,REDACTED,,42.0,,[],[],[]
1342216,Closed Courts,46821,Closed Courts,2025-06-01T21:00:00,2025-06-01T23:59:00,36135428,#707070,#f8eeee,False,REDACTED,,,,[],[],[]
1287090,Closed Courts,46821,Closed Courts,2025-06-02T07:00:00,2025-06-02T09:00:00,36135042,#707070,#f8eeee,False,REDACTED,,,,[],[],[]
1516644,Closed Courts,46821,Closed Courts,2025-06-02T07:00:00,2025-06-02T09:00:00,40294300,#707070,#f8eeee,False,REDACTED,,,,[],[],[]
1342508,3.5 - 3.5+ Open Play,40471, High Intermediate,2025-06-02T09:00:00,2025-06-02T11:00:00,36144731,#d69cbc,#1a1919,False,REDACTED,,10.0,,[],[],[]
1342657,3.0 - 3.5 Open Play,40472,Intermediate,2025-06-02T09:00:00,2025-06-02T11:00:00,36149713,#ffd3b6,#171717,False,REDACTED,,10.0,,[],[],[]
1342659,Advanced Beginner Open Play,40470,Advanced Beginner,2025-06-02T09:00:00,2025-06-02T11:00:00,36149837,#dcedc1,#000000,False,REDACTED,,6.0,,[],[],[]
1342336,3.5 - 3.5+ Open Play,40471, High Intermediate,2025-06-02T11:00:00,2025-06-02T13:00:00,36139137,#d69cbc,#1a1919,False,REDACTED,,10.0,,[],[],[]
1342357,3.0 - 3.5 Open Play,40472,Intermediate,2025-06-02T11:00:00,2025-06-02T13:00:00,36139739,#ffd3b6,#171717,False,REDACTED,,10.0,,[],[],[]
1342360,Advanced Beginner Open Play,40470,Advanced Beginner,2025-06-02T11:00:00,2025-06-02T13:00:00,36139812,#dcedc1,#000000,False,REDACTED,,6.0,,[],[],[]
1342407,All Levels Open Play,53028,All Levels w/ Challenge Court,2025-06-02T13:00:00,2025-06-02T15:00:00,36141215,#74d600,#000000,False,REDACTED,,24.0,,[],[],[]
1342411,All Levels Open Play,53028,All Levels w/ Challenge Court,2025-06-02T15:00:00,2025-06-02T17:00:00,36141278,#74d600,#000000,False,REDACTED,,24.0,,[],[],[]
1114751,High School - Open Play,65806,Highschool Open Play,2025-06-02T15:00:00,2025-06-02T17:00:00,36168411,#3439cc,#f7f6f6,False,REDACTED,,10.0,,[],[],[]
1343043,Intro to Pickleball,61814,Intro to Pickleball,2025-06-02T17:00:00,2025-06-02T18:00:00,36168444,#a8e6cf,#000000,False,REDACTED,,8.0,,[],[],[]
1228396,Session 3 Womens 3.5-3.5+ Ladder League,51948,Big Dill Ladder League,2025-06-02T18:00:00,2025-06-02T20:00:00,33712118,#11e2bb,#000000,False,REDACTED,,20.0,,[],[],[]
1343046,3.0 - 3.5 Open Play,40472,Intermediate,2025-06-02T18:00:00,2025-06-02T20:00:00,36168572,#ffd3b6,#171717,False,REDACTED,,6.0,,[],[],[]
1343049,3.5 - 3.5+ Open Play,40471, High Intermediate,2025-06-02T18:00:00,2025-06-02T20:00:00,36168692,#d69cbc,#1a1919,False,REDACTED,,10.0,,[],[],[]
1343070,3.75+ Open Play,47676,Low Advanced,2025-06-02T20:00:00,2025-06-02T22:00:00,36169518,#51074a,#ffffff,False,REDACTED,,6.0,,[],[],[]
1343071,4.0 Open Play,40425,Advanced,2025-06-02T20:00:00,2025-06-02T22:00:00,36169567,#121312,#ffffff,False,REDACTED,,6.0,,[],[],[]
1350229,4.5+ Cross Club Team Practice,53106,Cross Club Practice,2025-06-02T20:00:00,2025-06-02T22:00:00,36421618,#eae323,#000000,False,REDACTED,,6.0,,[],[],[]
1342350,Closed Courts,46821,Closed Courts,2025-06-02T22:00:00,2025-06-02T23:59:00,36139346,#707070,#f8eeee,False,REDACTED,,,,[],[],[]
1287090,Closed Courts,46821,Closed Courts,2025-06-03T07:00:00,2025-06-03T09:00:00,36135043,#707070,#f8eeee,False,REDACTED,,,,[],[],[]
1516644,Closed Courts,46821,Closed Courts,2025-06-03T07:00:00,2025-06-03T09:00:00,40294301,#707070,#f8eeee,False,REDACTED,,,,[],[],[]
1227480,All Levels Open Play,53028,All Levels w/ Challenge Court,2025-06-03T09:00:00,2025-06-03T11:00:00,33674328,#74d600,#000000,False,REDACTED,,36.0,,[],[],[]
1342336,3.5 - 3.5+ Open Play,40471, High Intermediate,2025-06-03T11:00:00,2025-06-03T13:00:00,36139138,#d69cbc,#1a1919,False,REDACTED,,10.0,,[],[],[]
1342357,3.0 - 3.5 Open Play,40472,Intermediate,2025-06-03T11:00:00,2025-06-03T13:00:00,36139740,#ffd3b6,#171717,False,REDACTED,,10.0,,[],[],[]
1342360,Advanced Beginner Open Play,40470,Advanced Beginner,2025-06-03T11:00:00,2025-06-03T13:00:00,36139813,#dcedc1,#000000,False,REDACTED,,6.0,,[],[],[]
1284997,Glenn's Private Group,48032,Private Event,2025-06-03T11:00:00,2025-06-03T13:00:00,36425596,#a51662,#ffffff,False,REDACTED,,14.0,,[],[],[]
1342363,3.5 - 3.5+ Open Play,40471, High Intermediate,2025-06-03T13:00:00,2025-06-03T15:00:00,36139899,#d69cbc,#1a1919,False,REDACTED,,10.0,,[],[],[]
1342484,3.0 - 3.5 Open Play,40472,Intermediate,2025-06-03T13:00:00,2025-06-03T15:00:00,36144007,#ffd3b6,#171717,False,REDACTED,,10.0,,[],[],[]
1342486,Advanced Beginner Open Play,40470,Advanced Beginner,2025-06-03T13:00:00,2025-06-03T15:00:00,36144094,#dcedc1,#000000,False,REDACTED,,6.0,,[],[],[]
1342411,All Levels Open Play,53028,All Levels w/ Challenge Court,2025-06-03T15:00:00,2025-06-03T17:00:00,36141279,#74d600,#000000,False,REDACTED,,24.0,,[],[],[]
1224311,Beginner Open Play (Unsupervised),61862,Beginner Open Play,2025-06-03T17:00:00,2025-06-03T18:00:00,33570343,#dcedc1,#000000,False,REDACTED,,8.0,,[],[],[]
1342664,3.5 - 3.5+ Open Play,40471, High Intermediate,2025-06-03T18:00:00,2025-06-03T20:00:00,36150130,#d69cbc,#1a1919,False,REDACTED,,10.0,,[],[],[]
1342666,3.0 - 3.5 Open Play,40472,Intermediate,2025-06-03T18:00:00,2025-06-03T20:00:00,36150191,#ffd3b6,#171717,False,REDACTED,,10.0,,[],[],[]
1350241,4.5+ Cross Club Team Practice,53106,Cross Club Practice,2025-06-03T18:00:00,2025-06-03T20:00:00,36422312,#eae323,#000000,False,REDACTED,,10.0,,[],[],[]
1267425,4.25 Open Play,69929,Invitation Only Group,2025-06-03T20:00:00,2025-06-03T22:00:00,34343742,#95002a,#ffffff,False,REDACTED,,10.0,,[],[],[]
1342672,3.75+ Open Play,47676,Low Advanced,2025-06-03T20:00:00,2025-06-03T22:00:00,36150557,#51074a,#ffffff,False,REDACTED,,14.0,,[],[],[]
1342674,ALL LEVELS Open Play - $20 Flat - Free with Basic & Premium Memberships,53028,All Levels w/ Challenge Court,2025-06-03T22:00:00,2025-06-03T23:59:00,36150606,#74d600,#000000,False,REDACTED,,48.0,,[],[],[]
1287090,Closed Courts,46821,Closed Courts,2025-06-04T07:00:00,2025-06-04T09:00:00,36135044,#707070,#f8eeee,False,REDACTED,,,,[],[],[]
1516644,Closed Courts,46821,Closed Courts,2025-06-04T07:00:00,2025-06-04T09:00:00,40294302,#707070,#f8eeee,False,REDACTED,,,,[],[],[]
1342508,3.5 - 3.5+ Open Play,40471, High Intermediate,2025-06-04T09:00:00,2025-06-04T11:00:00,36144732,#d69cbc,#1a1919,False,REDACTED,,10.0,,[],[],[]
1342657,3.0 - 3.5 Open Play,40472,Intermediate,2025-06-04T09:00:00,2025-06-04T11:00:00,36149714,#ffd3b6,#171717,False,REDACTED,,10.0,,[],[],[]
1342659,Advanced Beginner Open Play,40470,Advanced Beginner,2025-06-04T09:00:00,2025-06-04T11:00:00,36149838,#dcedc1,#000000,False,REDACTED,,6.0,,[],[],[]
1342336,3.5 - 3.5+ Open Play,40471, High Intermediate,2025-06-04T11:00:00,2025-06-04T13:00:00,36139139,#d69cbc,#1a1919,False,REDACTED,,10.0,,[],[],[]
1342357,3.0 - 3.5 Open Play,40472,Intermediate,2025-06-04T11:00:00,2025-06-04T13:00:00,36139741,#ffd3b6,#171717,False,REDACTED,,10.0,,[],[],[]
1342360,Advanced Beginner Open Play,40470,Advanced Beginner,2025-06-04T11:00:00,2025-06-04T13:00:00,36139814,#dcedc1,#000000,False,REDACTED,,6.0,,[],[],[]
1342407,All Levels Open Play,53028,All Levels w/ Challenge Court,2025-06-04T13:00:00,2025-06-04T15:00:00,36141216,#74d600,#000000,False,REDACTED,,24.0,,[],[],[]
1342411,All Levels Open Play,53028,All Levels w/ Challenge Court,2025-06-04T15:00:00,2025-06-04T17:00:00,36141280,#74d600,#000000,False,REDACTED,,24.0,,[],[],[]
1343043,Intro to Pickleball,61814,Intro to Pickleball,2025-06-04T17:00:00,2025-06-04T18:00:00,37054253,#a8e6cf,#000000,False,REDACTED,,8.0,,[],[],[]
1342720,3.0 - 3.5 Open Play,40472,Intermediate,2025-06-04T17:30:00,2025-06-04T19:30:00,36154581,#ffd3b6,#171717,False,REDACTED,,10.0,,[],[],[]
1342722,3.75+ Open Play,47676,Low Advanced,2025-06-04T17:30:00,2025-06-04T19:30:00,36154626,#51074a,#ffffff,False,REDACTED,,10.0,,[],[],[]
1343087,Ladies Night High Intermediate,40471, High Intermediate,2025-06-04T17:30:00,2025-06-04T19:30:00,36170191,#d69cbc,#1a1919,False,REDACTED,,18.0,,[],[],[]
1347774,4.5 Cross Club League Warm Up Court,51017,Cross Club Events,2025-06-04T18:30:00,2025-06-04T19:30:00,36322217,#eae323,#100f0f,False,REDACTED,,14.0,,[],[],[]
1180165,(3.5-3.99) Cross Club League Play Offs - The Pickle Jar,51017,Cross Club Events,2025-06-04T19:30:00,2025-06-04T22:30:00,36263789,#eae323,#100f0f,False,REDACTED,,20.0,,[],[],[]
772075,(4.5-5.4) Cross Club League Play Offs - The Pickle Jar,51017,Cross Club Events,2025-06-04T19:30:00,2025-06-04T22:30:00,36264700,#eae323,#100f0f,False,REDACTED,,20.0,,[],[],[]
1342350,Closed Courts,46821,Closed Courts,2025-06-04T22:30:00,2025-06-04T23:59:00,36139347,#707070,#f8eeee,False,REDACTED,,,,[],[],[]
1287090,Closed Courts,46821,Closed Courts,2025-06-05T07:00:00,2025-06-05T09:00:00,36135045,#707070,#f8eeee,False,REDACTED,,,,[],[],[]
1516644,Closed Courts,46821,Closed Courts,2025-06-05T07:00:00,2025-06-05T09:00:00,40294303,#707070,#f8eeee,False,REDACTED,,,,[],[],[]
1342508,3.5 - 3.5+ Open Play,40471, High Intermediate,2025-06-05T09:00:00,2025-06-05T11:00:00,36144733,#d69cbc,#1a1919,False,REDACTED,,10.0,,[],[],[]
1342657,3.0 - 3.5 Open Play,40472,Intermediate,2025-06-05T09:00:00,2025-06-05T11:00:00,36149715,#ffd3b6,#171717,False,REDACTED,,10.0,,[],[],[]
1342659,Advanced Beginner Open Play,40470,Advanced Beginner,2025-06-05T09:00:00,2025-06-05T11:00:00,36149839,#dcedc1,#000000,False,REDACTED,,6.0,,[],[],[]
1342336,3.5 - 3.5+ Open Play,40471, High Intermediate,2025-06-05T11:00:00,2025-06-05T13:00:00,36139140,#d69cbc,#1a1919,False,REDACTED,,10.0,,[],[],[]
1342357,3.0 - 3.5 Open Play,40472,Intermediate,2025-06-05T11:00:00,2025-06-05T13:00:00,36139742,#ffd3b6,#171717,False,REDACTED,,10.0,,[],[],[]
1342360,Advanced Beginner Open Play,40470,Advanced Beginner,2025-06-05T11:00:00,2025-06-05T13:00:00,36139815,#dcedc1,#000000,False,REDACTED,,6.0,,[],[],[]
1284997,Glenn's Private Group,48032,Private Event,2025-06-05T11:00:00,2025-06-05T13:00:00,36425597,#a51662,#ffffff,False,REDACTED,,14.0,,[],[],[]
1342407,All Levels Open Play,53028,All Levels w/ Challenge Court,2025-06-05T13:00:00,2025-06-05T15:00:00,36141217,#74d600,#000000,False,REDACTED,,24.0,,[],[],[]
1342411,All Levels Open Play,53028,All Levels w/ Challenge Court,2025-06-05T15:00:00,2025-06-05T17:00:00,36141281,#74d600,#000000,False,REDACTED,,24.0,,[],[],[]
1340460,Private Party with Lobby Rental,48032,Private Event,2025-06-05T15:00:00,2025-06-05T18:00:00,36046959,#a51662,#ffffff,False,REDACTED,,20.0,,[],[],[]
1343043,Intro to Pickleball,61814,Intro to Pickleball,2025-06-05T17:00:00,2025-06-05T18:00:00,37054418,#a8e6cf,#000000,False,REDACTED,,8.0,,[],[],[]
1343008,Open Play High Intermediate 3.5,40471, High Intermediate,2025-06-05T17:30:00,2025-06-05T19:30:00,36167297,#d69cbc,#1a1919,False,REDACTED,,10.0,,[],[],[]
1343030,4.0 Open Play,40425,Advanced,2025-06-05T17:30:00,2025-06-05T19:30:00,36168028,#121312,#ffffff,False,REDACTED,,10.0,,[],[],[]
1343033,3.75+ Open Play,47676,Low Advanced,2025-06-05T17:30:00,2025-06-05T19:30:00,36168085,#51074a,#ffffff,False,REDACTED,,10.0,,[],[],[]
1343007,3.75+ Open Play,47676,Low Advanced,2025-06-05T18:00:00,2025-06-05T20:00:00,36167258,#51074a,#ffffff,False,REDACTED,,10.0,,[],[],[]
1343017,3.0 - 3.5 Open Play,40472,Intermediate,2025-06-05T18:00:00,2025-06-05T20:00:00,36167517,#ffd3b6,#171717,False,REDACTED,,10.0,,[],[],[]
1180238,(4.0-4.49) Cross Club League Play Offs - The Pickle Jar,51017,Cross Club Events,2025-06-05T19:30:00,2025-06-05T22:30:00,36321328,#eae323,#100f0f,False,REDACTED,,20.0,,[],[],[]
1335404,(3.0-3.49) Cross Club League Practice,51017,Cross Club Events,2025-06-05T20:00:00,2025-06-05T22:00:00,35906843,#eae323,#100f0f,False,REDACTED,,14.0,,[],[],[]
1267384,4.5+ Open Play,69928,Advanced Invitational Group,2025-06-05T20:00:00,2025-06-05T23:00:00,34342260,#d6353b,#ffffff,False,REDACTED,,10.0,,[],[],[]
1267391,4.25 Open Play,69929,Invitation Only Group,2025-06-05T20:00:00,2025-06-05T23:00:00,34342536,#95002a,#ffffff,False,REDACTED,,10.0,,[],[],[]
1343024,ALL LEVELS Open Play - $15 Flat - Free with Basic & Premium Memberships,53028,All Levels w/ Challenge Court,2025-06-05T22:00:00,2025-06-05T23:59:00,36167718,#74d600,#000000,False,REDACTED,,24.0,,[],[],[]
1343092,3.5 - 3.5+ Open Play,40471, High Intermediate,2025-06-06T07:00:00,2025-06-06T09:00:00,36170287,#d69cbc,#1a1919,False,REDACTED,,10.0,,[],[],[]
1343094,3.75+ Open Play,47676,Low Advanced,2025-06-06T07:00:00,2025-06-06T09:00:00,36170322,#51074a,#ffffff,False,REDACTED,,10.0,,[],[],[]
1343097,4.0 Open Play,40425,Advanced,2025-06-06T07:00:00,2025-06-06T09:00:00,36170419,#121312,#ffffff,False,REDACTED,,10.0,,[],[],[]
1342508,3.5 - 3.5+ Open Play,40471, High Intermediate,2025-06-06T09:00:00,2025-06-06T11:00:00,36144734,#d69cbc,#1a1919,False,REDACTED,,10.0,,[],[],[]
1342657,3.0 - 3.5 Open Play,40472,Intermediate,2025-06-06T09:00:00,2025-06-06T11:00:00,36149716,#ffd3b6,#171717,False,REDACTED,,10.0,,[],[],[]
1342659,Advanced Beginner Open Play,40470,Advanced Beginner,2025-06-06T09:00:00,2025-06-06T11:00:00,36149840,#dcedc1,#000000,False,REDACTED,,6.0,,[],[],[]
1342336,3.5 - 3.5+ Open Play,40471, High Intermediate,2025-06-06T11:00:00,2025-06-06T13:00:00,36139141,#d69cbc,#1a1919,False,REDACTED,,10.0,,[],[],[]
1342357,3.0 - 3.5 Open Play,40472,Intermediate,2025-06-06T11:00:00,2025-06-06T13:00:00,36139743,#ffd3b6,#171717,False,REDACTED,,10.0,,[],[],[]
1342360,Advanced Beginner Open Play,40470,Advanced Beginner,2025-06-06T11:00:00,2025-06-06T13:00:00,36139816,#dcedc1,#000000,False,REDACTED,,6.0,,[],[],[]
1342407,All Levels Open Play,53028,All Levels w/ Challenge Court,2025-06-06T13:00:00,2025-06-06T15:00:00,36141218,#74d600,#000000,False,REDACTED,,24.0,,[],[],[]
1342411,All Levels Open Play,53028,All Levels w/ Challenge Court,2025-06-06T15:00:00,2025-06-06T17:00:00,36141282,#74d600,#000000,False,REDACTED,,24.0,,[],[],[]
1343010,Guided Beginner,46559,Guided Beginner Social,2025-06-06T17:00:00,2025-06-06T18:00:00,36167419,#a8e6cf,#000000,False,REDACTED,,8.0,,[],[],[]
1342499,All You Can Play $15 Flat - Free with Basic and Premium Memberships,53028,All Levels w/ Challenge Court,2025-06-06T17:00:00,2025-06-06T19:00:00,36144388,#74d600,#000000,False,REDACTED,,36.0,,[],[],[]
1342500,ALL LEVELS Open Play - $20 Flat - Free with Basic & Premium Memberships,53028,All Levels w/ Challenge Court,2025-06-06T19:00:00,2025-06-06T22:00:00,36144426,#74d600,#000000,False,REDACTED,,48.0,,[],[],[]
1382678,ALL LEVELS Open Play - $20 Flat - Free with Basic & Premium Memberships,53028,All Levels w/ Challenge Court,2025-06-06T21:00:00,2025-06-06T23:59:00,37223763,#74d600,#000000,False,REDACTED,,12.0,,[],[],[]
1342501,All You Can Play $15 Flat - Free with Basic and Premium Memberships,53028,All Levels w/ Challenge Court,2025-06-06T22:00:00,2025-06-06T23:59:00,36144461,#74d600,#000000,False,REDACTED,,48.0,,[],[],[]
1342451,4.25 Open Play,69929,Invitation Only Group,2025-06-07T07:00:00,2025-06-07T09:00:00,36142702,#95002a,#ffffff,False,REDACTED,,10.0,,[],[],[]
1342453,4.0 Open Play,40425,Advanced,2025-06-07T07:00:00,2025-06-07T09:00:00,36142795,#121312,#ffffff,False,REDACTED,,14.0,,[],[],[]
1342457,3.75+ Open Play,47676,Low Advanced,2025-06-07T07:00:00,2025-06-07T09:00:00,36142882,#51074a,#ffffff,False,REDACTED,,14.0,,[],[],[]
1342230,3.75+ Open Play,47676,Low Advanced,2025-06-07T09:00:00,2025-06-07T11:00:00,36136651,#51074a,#ffffff,False,REDACTED,,10.0,,[],[],[]
1342243,3.5 - 3.5+ Open Play,40471, High Intermediate,2025-06-07T09:00:00,2025-06-07T11:00:00,36137026,#d69cbc,#1a1919,False,REDACTED,,10.0,,[],[],[]
1356992,3.0 - 3.5 Open Play,40472,Intermediate,2025-06-07T09:00:00,2025-06-07T11:00:00,36658255,#ffd3b6,#171717,False,REDACTED,,10.0,,[],[],[]
1342266,3.0 - 3.5 Open Play,40472,Intermediate,2025-06-07T11:00:00,2025-06-07T13:00:00,36137478,#ffd3b6,#171717,False,REDACTED,,10.0,,[],[],[]
1342467,3.5 - 3.5+ Open Play,40471, High Intermediate,2025-06-07T11:00:00,2025-06-07T13:00:00,36143115,#d69cbc,#1a1919,False,REDACTED,,10.0,,[],[],[]
1033869,Road to 4.0,63130,David L Coached Clinic,2025-06-07T12:00:00,2025-06-07T13:00:00,33025479,#1ba1e2,#ffffff,False,REDACTED,,4.0,,[],[],[]
1180229,(3.0-3.49) Cross Club League Match - The Pickle Jar,51017,Cross Club Events,2025-06-07T12:00:00,2025-06-07T15:00:00,36422878,#eae323,#100f0f,False,REDACTED,,20.0,,[],[],[]
1342273,All You Can Play $15 Flat - Free with Basic and Premium Memberships,53028,All Levels w/ Challenge Court,2025-06-07T13:00:00,2025-06-07T15:00:00,36137641,#74d600,#000000,False,REDACTED,,24.0,,[],[],[]
1342289,ALL LEVELS Open Play - $20 Flat - Free with Basic & Premium Memberships,53028,All Levels w/ Challenge Court,2025-06-07T15:00:00,2025-06-07T18:00:00,36138051,#74d600,#000000,False,REDACTED,,42.0,,[],[],[]
1343043,Intro to Pickleball,61814,Intro to Pickleball,2025-06-07T17:00:00,2025-06-07T18:00:00,37054419,#a8e6cf,#000000,False,REDACTED,,8.0,,[],[],[]
1342216,Closed Courts,46821,Closed Courts,2025-06-07T18:00:00,2025-06-07T23:59:00,36135429,#707070,#f8eeee,False,REDACTED,,,,[],[],[]
1267427,4.25 Open Play,69929,Invitation Only Group,2025-06-08T07:00:00,2025-06-08T09:00:00,34343903,#95002a,#ffffff,False,REDACTED,,10.0,,[],[],[]
1342228,4.0 Open Play,40425,Advanced,2025-06-08T07:00:00,2025-06-08T09:00:00,36136583,#121312,#ffffff,False,REDACTED,,10.0,,[],[],[]
1342229,3.75+ Open Play,47676,Low Advanced,2025-06-08T07:00:00,2025-06-08T09:00:00,36136611,#51074a,#ffffff,False,REDACTED,,10.0,,[],[],[]
1342230,3.75+ Open Play,47676,Low Advanced,2025-06-08T09:00:00,2025-06-08T11:00:00,36136652,#51074a,#ffffff,False,REDACTED,,10.0,,[],[],[]
1352119,Shot of the Month Vol. 4 - Defending Lobs,68182,Barry F Coached Clinic,2025-06-08T10:00:00,2025-06-08T11:00:00,36488500,#1ba1e2,#ffffff,False,REDACTED,,5.0,,[],[],[]
1342254,3.5 - 3.5+ Open Play,40471, High Intermediate,2025-06-08T11:00:00,2025-06-08T13:00:00,36137275,#d69cbc,#1a1919,False,REDACTED,,10.0,,[],[],[]
1342266,3.0 - 3.5 Open Play,40472,Intermediate,2025-06-08T11:00:00,2025-06-08T13:00:00,36137479,#ffd3b6,#171717,False,REDACTED,,10.0,,[],[],[]
1342273,All You Can Play $15 Flat - Free with Basic and Premium Memberships,53028,All Levels w/ Challenge Court,2025-06-08T13:00:00,2025-06-08T15:00:00,36137642,#74d600,#000000,False,REDACTED,,24.0,,[],[],[]
1342289,ALL LEVELS Open Play - $20 Flat - Free with Basic & Premium Memberships,53028,All Levels w/ Challenge Court,2025-06-08T15:00:00,2025-06-08T18:00:00,36138052,#74d600,#000000,False,REDACTED,,42.0,,[],[],[]
1342326,ALL LEVELS Open Play - $20 Flat - Free with Basic & Premium Memberships,53028,All Levels w/ Challenge Court,2025-06-08T18:00:00,2025-06-08T21:00:00,36138906,#74d600,#000000,False,REDACTED,,42.0,,[],[],[]
1342216,Closed Courts,46821,Closed Courts,2025-06-08T21:00:00,2025-06-08T23:59:00,36135430,#707070,#f8eeee,False,REDACTED,,,,[],[],[]
1287090,Closed Courts,46821,Closed Courts,2025-06-09T07:00:00,2025-06-09T09:00:00,36135046,#707070,#f8eeee,False,REDACTED,,,,[],[],[]
1516644,Closed Courts,46821,Closed Courts,2025-06-09T07:00:00,2025-06-09T09:00:00,40294304,#707070,#f8eeee,False,REDACTED,,,,[],[],[]
1342508,3.5 - 3.5+ Open Play,40471, High Intermediate,2025-06-09T09:00:00,2025-06-09T11:00:00,36144735,#d69cbc,#1a1919,False,REDACTED,,10.0,,[],[],[]
1342657,3.0 - 3.5 Open Play,40472,Intermediate,2025-06-09T09:00:00,2025-06-09T11:00:00,36149717,#ffd3b6,#171717,False,REDACTED,,10.0,,[],[],[]
1342659,Advanced Beginner Open Play,40470,Advanced Beginner,2025-06-09T09:00:00,2025-06-09T11:00:00,36149841,#dcedc1,#000000,False,REDACTED,,6.0,,[],[],[]
1342336,3.5 - 3.5+ Open Play,40471, High Intermediate,2025-06-09T11:00:00,2025-06-09T13:00:00,36139142,#d69cbc,#1a1919,False,REDACTED,,10.0,,[],[],[]
1342357,3.0 - 3.5 Open Play,40472,Intermediate,2025-06-09T11:00:00,2025-06-09T13:00:00,36139744,#ffd3b6,#171717,False,REDACTED,,10.0,,[],[],[]
1342360,Advanced Beginner Open Play,40470,Advanced Beginner,2025-06-09T11:00:00,2025-06-09T13:00:00,36139817,#dcedc1,#000000,False,REDACTED,,6.0,,[],[],[]
1342407,All Levels Open Play,53028,All Levels w/ Challenge Court,2025-06-09T13:00:00,2025-06-09T15:00:00,36141219,#74d600,#000000,False,REDACTED,,24.0,,[],[],[]
1342411,All Levels Open Play,53028,All Levels w/ Challenge Court,2025-06-09T15:00:00,2025-06-09T17:00:00,36141283,#74d600,#000000,False,REDACTED,,24.0,,[],[],[]
1114751,High School - Open Play,65806,Highschool Open Play,2025-06-09T15:00:00,2025-06-09T17:00:00,36168413,#3439cc,#f7f6f6,False,REDACTED,,10.0,,[],[],[]
1343043,Intro to Pickleball,61814,Intro to Pickleball,2025-06-09T17:00:00,2025-06-09T18:00:00,36168445,#a8e6cf,#000000,False,REDACTED,,8.0,,[],[],[]
1228396,Session 3 Womens 3.5-3.5+ Ladder League,51948,Big Dill Ladder League,2025-06-09T18:00:00,2025-06-09T20:00:00,33712119,#11e2bb,#000000,False,REDACTED,,20.0,,[],[],[]
1343046,3.0 - 3.5 Open Play,40472,Intermediate,2025-06-09T18:00:00,2025-06-09T20:00:00,36168573,#ffd3b6,#171717,False,REDACTED,,6.0,,[],[],[]
1343054,3.75+ Open Play,47676,Low Advanced,2025-06-09T18:00:00,2025-06-09T20:00:00,36168898,#51074a,#ffffff,False,REDACTED,,6.0,,[],[],[]
1359030,4.5+ Cross Club Team Practice,53106,Cross Club Practice,2025-06-09T18:00:00,2025-06-09T20:00:00,36751888,#eae323,#000000,False,REDACTED,,6.0,,[],[],[]
1343087,Ladies Night High Intermediate,40471, High Intermediate,2025-06-09T18:00:00,2025-06-09T20:00:00,37218225,#d69cbc,#1a1919,False,REDACTED,,18.0,,[],[],[]
1343070,3.75+ Open Play,47676,Low Advanced,2025-06-09T20:00:00,2025-06-09T22:00:00,36169519,#51074a,#ffffff,False,REDACTED,,6.0,,[],[],[]
1343071,4.0 Open Play,40425,Advanced,2025-06-09T20:00:00,2025-06-09T22:00:00,36169568,#121312,#ffffff,False,REDACTED,,6.0,,[],[],[]
1342350,Closed Courts,46821,Closed Courts,2025-06-09T22:00:00,2025-06-09T23:59:00,36139348,#707070,#f8eeee,False,REDACTED,,,,[],[],[]
1287090,Closed Courts,46821,Closed Courts,2025-06-10T07:00:00,2025-06-10T09:00:00,36135047,#707070,#f8eeee,False,REDACTED,,,,[],[],[]
1516644,Closed Courts,46821,Closed Courts,2025-06-10T07:00:00,2025-06-10T09:00:00,40294305,#707070,#f8eeee,False,REDACTED,,,,[],[],[]
1227480,All Levels Open Play,53028,All Levels w/ Challenge Court,2025-06-10T09:00:00,2025-06-10T11:00:00,33674330,#74d600,#000000,False,REDACTED,,36.0,,[],[],[]
1284997,Glenn's Private Group,48032,Private Event,2025-06-10T11:00:00,2025-06-10T13:00:00,36425598,#a51662,#ffffff,False,REDACTED,,14.0,,[],[],[]
1342363,3.5 - 3.5+ Open Play,40471, High Intermediate,2025-06-10T13:00:00,2025-06-10T15:00:00,36139900,#d69cbc,#1a1919,False,REDACTED,,10.0,,[],[],[]
1342484,3.0 - 3.5 Open Play,40472,Intermediate,2025-06-10T13:00:00,2025-06-10T15:00:00,36144008,#ffd3b6,#171717,False,REDACTED,,10.0,,[],[],[]
1342411,All Levels Open Play,53028,All Levels w/ Challenge Court,2025-06-10T15:00:00,2025-06-10T17:00:00,36141284,#74d600,#000000,False,REDACTED,,24.0,,[],[],[]
1224311,Beginner Open Play (Unsupervised),61862,Beginner Open Play,2025-06-10T17:00:00,2025-06-10T18:00:00,33570344,#dcedc1,#000000,False,REDACTED,,8.0,,[],[],[]
1342662,3.75+ Open Play,47676,Low Advanced,2025-06-10T18:00:00,2025-06-10T20:00:00,36150043,#51074a,#ffffff,False,REDACTED,,6.0,,[],[],[]
1342664,3.5 - 3.5+ Open Play,40471, High Intermediate,2025-06-10T18:00:00,2025-06-10T20:00:00,36150131,#d69cbc,#1a1919,False,REDACTED,,10.0,,[],[],[]
1359030,4.5+ Cross Club Team Practice,53106,Cross Club Practice,2025-06-10T18:00:00,2025-06-10T20:00:00,36751889,#eae323,#000000,False,REDACTED,,6.0,,[],[],[]
1360317,Honcho League,40475,Leagues ,2025-06-10T18:00:00,2025-06-10T22:00:00,36794038,#11e2bb,#0f0f0f,False,REDACTED,,1.0,,[],[],[]
1267425,4.25 Open Play,69929,Invitation Only Group,2025-06-10T20:00:00,2025-06-10T22:00:00,34343743,#95002a,#ffffff,False,REDACTED,,10.0,,[],[],[]
1342492,4.0 Open Play,40425,Advanced,2025-06-10T20:00:00,2025-06-10T22:00:00,36144207,#121312,#ffffff,False,REDACTED,,10.0,,[],[],[]
1342672,3.75+ Open Play,47676,Low Advanced,2025-06-10T20:00:00,2025-06-10T22:00:00,36150558,#51074a,#ffffff,False,REDACTED,,14.0,,[],[],[]
1342674,ALL LEVELS Open Play - $20 Flat - Free with Basic & Premium Memberships,53028,All Levels w/ Challenge Court,2025-06-10T22:00:00,2025-06-10T23:59:00,36150607,#74d600,#000000,False,REDACTED,,48.0,,[],[],[]
1287090,Closed Courts,46821,Closed Courts,2025-06-11T07:00:00,2025-06-11T09:00:00,36135048,#707070,#f8eeee,False,REDACTED,,,,[],[],[]
1516644,Closed Courts,46821,Closed Courts,2025-06-11T07:00:00,2025-06-11T09:00:00,40294306,#707070,#f8eeee,False,REDACTED,,,,[],[],[]
1342508,3.5 - 3.5+ Open Play,40471, High Intermediate,2025-06-11T09:00:00,2025-06-11T11:00:00,36144736,#d69cbc,#1a1919,False,REDACTED,,10.0,,[],[],[]
1342657,3.0 - 3.5 Open Play,40472,Intermediate,2025-06-11T09:00:00,2025-06-11T11:00:00,36149718,#ffd3b6,#171717,False,REDACTED,,10.0,,[],[],[]
1342659,Advanced Beginner Open Play,40470,Advanced Beginner,2025-06-11T09:00:00,2025-06-11T11:00:00,36149842,#dcedc1,#000000,False,REDACTED,,6.0,,[],[],[]
1359197,Intro To PIckleball,61814,Intro to Pickleball,2025-06-11T10:00:00,2025-06-11T11:00:00,36759271,#a8e6cf,#000000,False,REDACTED,,1.0,,[],[],[]
1342336,3.5 - 3.5+ Open Play,40471, High Intermediate,2025-06-11T11:00:00,2025-06-11T13:00:00,36139144,#d69cbc,#1a1919,False,REDACTED,,10.0,,[],[],[]
1342357,3.0 - 3.5 Open Play,40472,Intermediate,2025-06-11T11:00:00,2025-06-11T13:00:00,36139746,#ffd3b6,#171717,False,REDACTED,,10.0,,[],[],[]
1342360,Advanced Beginner Open Play,40470,Advanced Beginner,2025-06-11T11:00:00,2025-06-11T13:00:00,36139819,#dcedc1,#000000,False,REDACTED,,6.0,,[],[],[]
1342407,All Levels Open Play,53028,All Levels w/ Challenge Court,2025-06-11T13:00:00,2025-06-11T15:00:00,36141220,#74d600,#000000,False,REDACTED,,24.0,,[],[],[]
1342411,All Levels Open Play,53028,All Levels w/ Challenge Court,2025-06-11T15:00:00,2025-06-11T17:00:00,36141285,#74d600,#000000,False,REDACTED,,24.0,,[],[],[]
1343043,Intro to Pickleball,61814,Intro to Pickleball,2025-06-11T17:00:00,2025-06-11T18:00:00,37054254,#a8e6cf,#000000,False,REDACTED,,8.0,,[],[],[]
1343087,Ladies Night High Intermediate,40471, High Intermediate,2025-06-11T17:30:00,2025-06-11T19:30:00,36170192,#d69cbc,#1a1919,False,REDACTED,,18.0,,[],[],[]
1342720,3.0 - 3.5 Open Play,40472,Intermediate,2025-06-11T18:00:00,2025-06-11T20:00:00,36154582,#ffd3b6,#171717,False,REDACTED,,10.0,,[],[],[]
1342722,3.75+ Open Play,47676,Low Advanced,2025-06-11T18:00:00,2025-06-11T20:00:00,36154627,#51074a,#ffffff,False,REDACTED,,10.0,,[],[],[]
1354713,(3.5-3.99) Cross Club League Play Offs - The Pickle Jar,51017,Cross Club Events,2025-06-11T19:30:00,2025-06-11T22:30:00,36586234,#eae323,#100f0f,False,REDACTED,,20.0,,[],[],[]
1342723,3.75+ Open Play,47676,Low Advanced,2025-06-11T20:00:00,2025-06-11T22:00:00,36154684,#51074a,#ffffff,False,REDACTED,,10.0,,[],[],[]
1342350,Closed Courts,46821,Closed Courts,2025-06-11T22:30:00,2025-06-11T23:59:00,36139349,#707070,#f8eeee,False,REDACTED,,,,[],[],[]
1287090,Closed Courts,46821,Closed Courts,2025-06-12T07:00:00,2025-06-12T09:00:00,36135049,#707070,#f8eeee,False,REDACTED,,,,[],[],[]
1516644,Closed Courts,46821,Closed Courts,2025-06-12T07:00:00,2025-06-12T09:00:00,40294307,#707070,#f8eeee,False,REDACTED,,,,[],[],[]
1342508,3.5 - 3.5+ Open Play,40471, High Intermediate,2025-06-12T09:00:00,2025-06-12T11:00:00,36144737,#d69cbc,#1a1919,False,REDACTED,,10.0,,[],[],[]
1342657,3.0 - 3.5 Open Play,40472,Intermediate,2025-06-12T09:00:00,2025-06-12T11:00:00,36149719,#ffd3b6,#171717,False,REDACTED,,10.0,,[],[],[]
1342659,Advanced Beginner Open Play,40470,Advanced Beginner,2025-06-12T09:00:00,2025-06-12T11:00:00,36149843,#dcedc1,#000000,False,REDACTED,,6.0,,[],[],[]
1342336,3.5 - 3.5+ Open Play,40471, High Intermediate,2025-06-12T11:00:00,2025-06-12T13:00:00,36139145,#d69cbc,#1a1919,False,REDACTED,,10.0,,[],[],[]
1342357,3.0 - 3.5 Open Play,40472,Intermediate,2025-06-12T11:00:00,2025-06-12T13:00:00,36139747,#ffd3b6,#171717,False,REDACTED,,10.0,,[],[],[]
1342360,Advanced Beginner Open Play,40470,Advanced Beginner,2025-06-12T11:00:00,2025-06-12T13:00:00,36139820,#dcedc1,#000000,False,REDACTED,,6.0,,[],[],[]
1284997,Glenn's Private Group,48032,Private Event,2025-06-12T11:00:00,2025-06-12T13:00:00,36425600,#a51662,#ffffff,False,REDACTED,,14.0,,[],[],[]
1342407,All Levels Open Play,53028,All Levels w/ Challenge Court,2025-06-12T13:00:00,2025-06-12T15:00:00,36141221,#74d600,#000000,False,REDACTED,,24.0,,[],[],[]
1342411,All Levels Open Play,53028,All Levels w/ Challenge Court,2025-06-12T15:00:00,2025-06-12T17:00:00,36141286,#74d600,#000000,False,REDACTED,,24.0,,[],[],[]
1343010,Guided Beginner,46559,Guided Beginner Social,2025-06-12T17:00:00,2025-06-12T18:00:00,36167420,#a8e6cf,#000000,False,REDACTED,,8.0,,[],[],[]
1343043,Intro to Pickleball,61814,Intro to Pickleball,2025-06-12T17:00:00,2025-06-12T18:00:00,37054420,#a8e6cf,#000000,False,REDACTED,,8.0,,[],[],[]
1343008,Open Play High Intermediate 3.5,40471, High Intermediate,2025-06-12T17:30:00,2025-06-12T19:30:00,36167298,#d69cbc,#1a1919,False,REDACTED,,10.0,,[],[],[]
1343017,3.0 - 3.5 Open Play,40472,Intermediate,2025-06-12T17:30:00,2025-06-12T19:30:00,36167518,#ffd3b6,#171717,False,REDACTED,,10.0,,[],[],[]
1343007,3.75+ Open Play,47676,Low Advanced,2025-06-12T18:00:00,2025-06-12T20:00:00,36167259,#51074a,#ffffff,False,REDACTED,,10.0,,[],[],[]
1180238,(4.0-4.49) Cross Club League Play Offs - The Pickle Jar,51017,Cross Club Events,2025-06-12T19:30:00,2025-06-12T22:30:00,36707121,#eae323,#100f0f,False,REDACTED,,20.0,,[],[],[]
1343030,4.0 Open Play,40425,Advanced,2025-06-12T20:00:00,2025-06-12T22:00:00,36168029,#121312,#ffffff,False,REDACTED,,10.0,,[],[],[]
1363848,Open Play High Intermediate 3.5,40471, High Intermediate,2025-06-12T20:00:00,2025-06-12T22:00:00,36910901,#d69cbc,#1a1919,False,REDACTED,,6.0,,[],[],[]
1343024,ALL LEVELS Open Play - $15 Flat - Free with Basic & Premium Memberships,53028,All Levels w/ Challenge Court,2025-06-12T22:00:00,2025-06-12T23:59:00,36167719,#74d600,#000000,False,REDACTED,,24.0,,[],[],[]
1343092,3.5 - 3.5+ Open Play,40471, High Intermediate,2025-06-13T07:00:00,2025-06-13T09:00:00,36170288,#d69cbc,#1a1919,False,REDACTED,,10.0,,[],[],[]
1343094,3.75+ Open Play,47676,Low Advanced,2025-06-13T07:00:00,2025-06-13T09:00:00,36170323,#51074a,#ffffff,False,REDACTED,,10.0,,[],[],[]
1343097,4.0 Open Play,40425,Advanced,2025-06-13T07:00:00,2025-06-13T09:00:00,36170420,#121312,#ffffff,False,REDACTED,,10.0,,[],[],[]
1342508,3.5 - 3.5+ Open Play,40471, High Intermediate,2025-06-13T09:00:00,2025-06-13T11:00:00,36144738,#d69cbc,#1a1919,False,REDACTED,,10.0,,[],[],[]
1342657,3.0 - 3.5 Open Play,40472,Intermediate,2025-06-13T09:00:00,2025-06-13T11:00:00,36149720,#ffd3b6,#171717,False,REDACTED,,10.0,,[],[],[]
1342659,Advanced Beginner Open Play,40470,Advanced Beginner,2025-06-13T09:00:00,2025-06-13T11:00:00,36149844,#dcedc1,#000000,False,REDACTED,,6.0,,[],[],[]
1342336,3.5 - 3.5+ Open Play,40471, High Intermediate,2025-06-13T11:00:00,2025-06-13T13:00:00,36139146,#d69cbc,#1a1919,False,REDACTED,,10.0,,[],[],[]
1342357,3.0 - 3.5 Open Play,40472,Intermediate,2025-06-13T11:00:00,2025-06-13T13:00:00,36139748,#ffd3b6,#171717,False,REDACTED,,10.0,,[],[],[]
1342360,Advanced Beginner Open Play,40470,Advanced Beginner,2025-06-13T11:00:00,2025-06-13T13:00:00,36139821,#dcedc1,#000000,False,REDACTED,,6.0,,[],[],[]
1342407,All Levels Open Play,53028,All Levels w/ Challenge Court,2025-06-13T13:00:00,2025-06-13T15:00:00,36141222,#74d600,#000000,False,REDACTED,,24.0,,[],[],[]
1342411,All Levels Open Play,53028,All Levels w/ Challenge Court,2025-06-13T15:00:00,2025-06-13T17:00:00,36141287,#74d600,#000000,False,REDACTED,,24.0,,[],[],[]
1342499,All You Can Play $15 Flat - Free with Basic and Premium Memberships,53028,All Levels w/ Challenge Court,2025-06-13T17:00:00,2025-06-13T19:00:00,36144389,#74d600,#000000,False,REDACTED,,36.0,,[],[],[]
1342500,ALL LEVELS Open Play - $20 Flat - Free with Basic & Premium Memberships,53028,All Levels w/ Challenge Court,2025-06-13T19:00:00,2025-06-13T22:00:00,36144427,#74d600,#000000,False,REDACTED,,48.0,,[],[],[]
1342501,All You Can Play $15 Flat - Free with Basic and Premium Memberships,53028,All Levels w/ Challenge Court,2025-06-13T22:00:00,2025-06-13T23:59:00,36144462,#74d600,#000000,False,REDACTED,,48.0,,[],[],[]
1342453,4.0 Open Play,40425,Advanced,2025-06-14T07:00:00,2025-06-14T09:00:00,36142796,#121312,#ffffff,False,REDACTED,,14.0,,[],[],[]
1342457,3.75+ Open Play,47676,Low Advanced,2025-06-14T07:00:00,2025-06-14T09:00:00,36142883,#51074a,#ffffff,False,REDACTED,,14.0,,[],[],[]
1342230,3.75+ Open Play,47676,Low Advanced,2025-06-14T09:00:00,2025-06-14T11:00:00,36136654,#51074a,#ffffff,False,REDACTED,,10.0,,[],[],[]
1342243,3.5 - 3.5+ Open Play,40471, High Intermediate,2025-06-14T09:00:00,2025-06-14T11:00:00,36137028,#d69cbc,#1a1919,False,REDACTED,,10.0,,[],[],[]
1196569,FBI Newark CAA - Pickleball Tourney & Fundraiser,48032,Private Event,2025-06-14T11:00:00,2025-06-14T15:00:00,32992100,#a51662,#ffffff,False,REDACTED,,75.0,,[],[],[]
1342289,ALL LEVELS Open Play - $20 Flat - Free with Basic & Premium Memberships,53028,All Levels w/ Challenge Court,2025-06-14T15:00:00,2025-06-14T18:00:00,36138053,#74d600,#000000,False,REDACTED,,42.0,,[],[],[]
1180229,(3.0-3.49) Cross Club League Match - The Pickle Jar,51017,Cross Club Events,2025-06-14T15:00:00,2025-06-14T18:00:00,36767177,#eae323,#100f0f,False,REDACTED,,20.0,,[],[],[]
1343043,Intro to Pickleball,61814,Intro to Pickleball,2025-06-14T17:00:00,2025-06-14T18:00:00,37054421,#a8e6cf,#000000,False,REDACTED,,8.0,,[],[],[]
1342326,ALL LEVELS Open Play - $20 Flat - Free with Basic & Premium Memberships,53028,All Levels w/ Challenge Court,2025-06-14T18:00:00,2025-06-14T21:00:00,36138907,#74d600,#000000,False,REDACTED,,42.0,,[],[],[]
1342216,Closed Courts,46821,Closed Courts,2025-06-14T21:00:00,2025-06-14T23:59:00,36135431,#707070,#f8eeee,False,REDACTED,,,,[],[],[]
1267427,4.25 Open Play,69929,Invitation Only Group,2025-06-15T07:00:00,2025-06-15T09:00:00,34343904,#95002a,#ffffff,False,REDACTED,,10.0,,[],[],[]
1342228,4.0 Open Play,40425,Advanced,2025-06-15T07:00:00,2025-06-15T09:00:00,36136584,#121312,#ffffff,False,REDACTED,,10.0,,[],[],[]
1342229,3.75+ Open Play,47676,Low Advanced,2025-06-15T07:00:00,2025-06-15T09:00:00,36136612,#51074a,#ffffff,False,REDACTED,,10.0,,[],[],[]
1342230,3.75+ Open Play,47676,Low Advanced,2025-06-15T09:00:00,2025-06-15T11:00:00,36136655,#51074a,#ffffff,False,REDACTED,,10.0,,[],[],[]
1342243,3.5 - 3.5+ Open Play,40471, High Intermediate,2025-06-15T09:00:00,2025-06-15T11:00:00,36137029,#d69cbc,#1a1919,False,REDACTED,,10.0,,[],[],[]
1352119,Shot of the Month Vol. 4 - Defending Lobs,68182,Barry F Coached Clinic,2025-06-15T10:00:00,2025-06-15T11:00:00,36488501,#1ba1e2,#ffffff,False,REDACTED,,5.0,,[],[],[]
1224713,Beginner Open Play (Unsupervised),61862,Beginner Open Play,2025-06-15T11:00:00,2025-06-15T12:00:00,33580118,#dcedc1,#000000,False,REDACTED,,4.0,,[],[],[]
1342254,3.5 - 3.5+ Open Play,40471, High Intermediate,2025-06-15T11:00:00,2025-06-15T13:00:00,36137276,#d69cbc,#1a1919,False,REDACTED,,10.0,,[],[],[]
1342266,3.0 - 3.5 Open Play,40472,Intermediate,2025-06-15T11:00:00,2025-06-15T13:00:00,36137481,#ffd3b6,#171717,False,REDACTED,,10.0,,[],[],[]
1365932,ALL LEVELS Open Play - $20 Flat - Free with Basic & Premium Memberships,53028,All Levels w/ Challenge Court,2025-06-15T13:00:00,2025-06-15T15:00:00,36984644,#74d600,#000000,False,REDACTED,,12.0,,[],[],[]
1342289,ALL LEVELS Open Play - $20 Flat - Free with Basic & Premium Memberships,53028,All Levels w/ Challenge Court,2025-06-15T15:00:00,2025-06-15T18:00:00,36138054,#74d600,#000000,False,REDACTED,,42.0,,[],[],[]
1342326,ALL LEVELS Open Play - $20 Flat - Free with Basic & Premium Memberships,53028,All Levels w/ Challenge Court,2025-06-15T18:00:00,2025-06-15T21:00:00,36138908,#74d600,#000000,False,REDACTED,,42.0,,[],[],[]
1342216,Closed Courts,46821,Closed Courts,2025-06-15T21:00:00,2025-06-15T23:59:00,36135432,#707070,#f8eeee,False,REDACTED,,,,[],[],[]
1287090,Closed Courts,46821,Closed Courts,2025-06-16T07:00:00,2025-06-16T09:00:00,36135050,#707070,#f8eeee,False,REDACTED,,,,[],[],[]
1516644,Closed Courts,46821,Closed Courts,2025-06-16T07:00:00,2025-06-16T09:00:00,40294308,#707070,#f8eeee,False,REDACTED,,,,[],[],[]
1342508,3.5 - 3.5+ Open Play,40471, High Intermediate,2025-06-16T09:00:00,2025-06-16T11:00:00,36144739,#d69cbc,#1a1919,False,REDACTED,,10.0,,[],[],[]
1342657,3.0 - 3.5 Open Play,40472,Intermediate,2025-06-16T09:00:00,2025-06-16T11:00:00,36149721,#ffd3b6,#171717,False,REDACTED,,10.0,,[],[],[]
1342659,Advanced Beginner Open Play,40470,Advanced Beginner,2025-06-16T09:00:00,2025-06-16T11:00:00,36149845,#dcedc1,#000000,False,REDACTED,,6.0,,[],[],[]
1342336,3.5 - 3.5+ Open Play,40471, High Intermediate,2025-06-16T11:00:00,2025-06-16T13:00:00,36139147,#d69cbc,#1a1919,False,REDACTED,,10.0,,[],[],[]
1342357,3.0 - 3.5 Open Play,40472,Intermediate,2025-06-16T11:00:00,2025-06-16T13:00:00,36139749,#ffd3b6,#171717,False,REDACTED,,10.0,,[],[],[]
1342360,Advanced Beginner Open Play,40470,Advanced Beginner,2025-06-16T11:00:00,2025-06-16T13:00:00,36139822,#dcedc1,#000000,False,REDACTED,,6.0,,[],[],[]
1342407,All Levels Open Play,53028,All Levels w/ Challenge Court,2025-06-16T13:00:00,2025-06-16T15:00:00,36141223,#74d600,#000000,False,REDACTED,,24.0,,[],[],[]
1342411,All Levels Open Play,53028,All Levels w/ Challenge Court,2025-06-16T15:00:00,2025-06-16T17:00:00,36141288,#74d600,#000000,False,REDACTED,,24.0,,[],[],[]
1114751,High School - Open Play,65806,Highschool Open Play,2025-06-16T15:00:00,2025-06-16T17:00:00,36168414,#3439cc,#f7f6f6,False,REDACTED,,10.0,,[],[],[]
1343043,Intro to Pickleball,61814,Intro to Pickleball,2025-06-16T17:00:00,2025-06-16T18:00:00,36168446,#a8e6cf,#000000,False,REDACTED,,8.0,,[],[],[]
1228396,Session 3 Womens 3.5-3.5+ Ladder League,51948,Big Dill Ladder League,2025-06-16T18:00:00,2025-06-16T20:00:00,33716994,#11e2bb,#000000,False,REDACTED,,20.0,,[],[],[]
1343046,3.0 - 3.5 Open Play,40472,Intermediate,2025-06-16T18:00:00,2025-06-16T20:00:00,36168574,#ffd3b6,#171717,False,REDACTED,,6.0,,[],[],[]
1343054,3.75+ Open Play,47676,Low Advanced,2025-06-16T18:00:00,2025-06-16T20:00:00,36168899,#51074a,#ffffff,False,REDACTED,,6.0,,[],[],[]
1343087,Ladies Night High Intermediate,40471, High Intermediate,2025-06-16T18:00:00,2025-06-16T20:00:00,37218226,#d69cbc,#1a1919,False,REDACTED,,18.0,,[],[],[]
1343070,3.75+ Open Play,47676,Low Advanced,2025-06-16T20:00:00,2025-06-16T22:00:00,36169520,#51074a,#ffffff,False,REDACTED,,6.0,,[],[],[]
1343071,4.0 Open Play,40425,Advanced,2025-06-16T20:00:00,2025-06-16T22:00:00,36169569,#121312,#ffffff,False,REDACTED,,6.0,,[],[],[]
1342350,Closed Courts,46821,Closed Courts,2025-06-16T22:00:00,2025-06-16T23:59:00,36139350,#707070,#f8eeee,False,REDACTED,,,,[],[],[]
1287090,Closed Courts,46821,Closed Courts,2025-06-17T07:00:00,2025-06-17T09:00:00,36135051,#707070,#f8eeee,False,REDACTED,,,,[],[],[]
1516644,Closed Courts,46821,Closed Courts,2025-06-17T07:00:00,2025-06-17T09:00:00,40294309,#707070,#f8eeee,False,REDACTED,,,,[],[],[]
1227480,All Levels Open Play,53028,All Levels w/ Challenge Court,2025-06-17T09:00:00,2025-06-17T11:00:00,33674332,#74d600,#000000,False,REDACTED,,36.0,,[],[],[]
1342357,3.0 - 3.5 Open Play,40472,Intermediate,2025-06-17T11:00:00,2025-06-17T13:00:00,36139750,#ffd3b6,#171717,False,REDACTED,,10.0,,[],[],[]
1342360,Advanced Beginner Open Play,40470,Advanced Beginner,2025-06-17T11:00:00,2025-06-17T13:00:00,36139823,#dcedc1,#000000,False,REDACTED,,6.0,,[],[],[]
1284997,Glenn's Private Group,48032,Private Event,2025-06-17T11:00:00,2025-06-17T13:00:00,36425601,#a51662,#ffffff,False,REDACTED,,14.0,,[],[],[]
1342363,3.5 - 3.5+ Open Play,40471, High Intermediate,2025-06-17T13:00:00,2025-06-17T15:00:00,36139901,#d69cbc,#1a1919,False,REDACTED,,10.0,,[],[],[]
1342484,3.0 - 3.5 Open Play,40472,Intermediate,2025-06-17T13:00:00,2025-06-17T15:00:00,36144009,#ffd3b6,#171717,False,REDACTED,,10.0,,[],[],[]
1342486,Advanced Beginner Open Play,40470,Advanced Beginner,2025-06-17T13:00:00,2025-06-17T15:00:00,36144096,#dcedc1,#000000,False,REDACTED,,6.0,,[],[],[]
1342411,All Levels Open Play,53028,All Levels w/ Challenge Court,2025-06-17T15:00:00,2025-06-17T17:00:00,36141289,#74d600,#000000,False,REDACTED,,24.0,,[],[],[]
1224311,Beginner Open Play (Unsupervised),61862,Beginner Open Play,2025-06-17T17:00:00,2025-06-17T18:00:00,33570345,#dcedc1,#000000,False,REDACTED,,8.0,,[],[],[]
1342664,3.5 - 3.5+ Open Play,40471, High Intermediate,2025-06-17T18:00:00,2025-06-17T20:00:00,36150132,#d69cbc,#1a1919,False,REDACTED,,10.0,,[],[],[]
1342666,3.0 - 3.5 Open Play,40472,Intermediate,2025-06-17T18:00:00,2025-06-17T20:00:00,36150193,#ffd3b6,#171717,False,REDACTED,,10.0,,[],[],[]
1360317,Honcho League,40475,Leagues ,2025-06-17T18:00:00,2025-06-17T22:00:00,36794039,#11e2bb,#0f0f0f,False,REDACTED,,1.0,,[],[],[]
1342672,3.75+ Open Play,47676,Low Advanced,2025-06-17T20:00:00,2025-06-17T22:00:00,36150559,#51074a,#ffffff,False,REDACTED,,14.0,,[],[],[]
1342674,ALL LEVELS Open Play - $20 Flat - Free with Basic & Premium Memberships,53028,All Levels w/ Challenge Court,2025-06-17T22:00:00,2025-06-17T23:59:00,36150608,#74d600,#000000,False,REDACTED,,48.0,,[],[],[]
1287090,Closed Courts,46821,Closed Courts,2025-06-18T07:00:00,2025-06-18T09:00:00,36135052,#707070,#f8eeee,False,REDACTED,,,,[],[],[]
1516644,Closed Courts,46821,Closed Courts,2025-06-18T07:00:00,2025-06-18T09:00:00,40294310,#707070,#f8eeee,False,REDACTED,,,,[],[],[]
1342508,3.5 - 3.5+ Open Play,40471, High Intermediate,2025-06-18T09:00:00,2025-06-18T11:00:00,36144740,#d69cbc,#1a1919,False,REDACTED,,10.0,,[],[],[]
1342657,3.0 - 3.5 Open Play,40472,Intermediate,2025-06-18T09:00:00,2025-06-18T11:00:00,36149722,#ffd3b6,#171717,False,REDACTED,,10.0,,[],[],[]
1342659,Advanced Beginner Open Play,40470,Advanced Beginner,2025-06-18T09:00:00,2025-06-18T11:00:00,36149846,#dcedc1,#000000,False,REDACTED,,6.0,,[],[],[]
1369840,Beginner's Clinic,68182,Barry F Coached Clinic,2025-06-18T09:30:00,2025-06-18T10:30:00,37121774,#1ba1e2,#ffffff,False,REDACTED,,5.0,,[],[],[]
1362181,Guided Beginner,46559,Guided Beginner Social,2025-06-18T11:00:00,2025-06-18T12:00:00,36857617,#a8e6cf,#000000,False,REDACTED,,4.0,,[],[],[]
1342336,3.5 - 3.5+ Open Play,40471, High Intermediate,2025-06-18T11:00:00,2025-06-18T13:00:00,36139149,#d69cbc,#1a1919,False,REDACTED,,10.0,,[],[],[]
1342357,3.0 - 3.5 Open Play,40472,Intermediate,2025-06-18T11:00:00,2025-06-18T13:00:00,36139751,#ffd3b6,#171717,False,REDACTED,,10.0,,[],[],[]
1342360,Advanced Beginner Open Play,40470,Advanced Beginner,2025-06-18T11:00:00,2025-06-18T13:00:00,36139824,#dcedc1,#000000,False,REDACTED,,6.0,,[],[],[]
1342407,All Levels Open Play,53028,All Levels w/ Challenge Court,2025-06-18T13:00:00,2025-06-18T15:00:00,36141224,#74d600,#000000,False,REDACTED,,24.0,,[],[],[]
1342411,All Levels Open Play,53028,All Levels w/ Challenge Court,2025-06-18T15:00:00,2025-06-18T17:00:00,36141290,#74d600,#000000,False,REDACTED,,24.0,,[],[],[]
1343043,Intro to Pickleball,61814,Intro to Pickleball,2025-06-18T17:00:00,2025-06-18T18:00:00,37054255,#a8e6cf,#000000,False,REDACTED,,8.0,,[],[],[]
1342720,3.0 - 3.5 Open Play,40472,Intermediate,2025-06-18T18:00:00,2025-06-18T20:00:00,36154583,#ffd3b6,#171717,False,REDACTED,,10.0,,[],[],[]
1342722,3.75+ Open Play,47676,Low Advanced,2025-06-18T18:00:00,2025-06-18T20:00:00,36154628,#51074a,#ffffff,False,REDACTED,,10.0,,[],[],[]
1343087,Ladies Night High Intermediate,40471, High Intermediate,2025-06-18T18:00:00,2025-06-18T20:00:00,36170193,#d69cbc,#1a1919,False,REDACTED,,18.0,,[],[],[]
1342724,4.0 Open Play,40425,Advanced,2025-06-18T20:00:00,2025-06-18T22:00:00,36154736,#121312,#ffffff,False,REDACTED,,10.0,,[],[],[]
1346785,ALL LEVELS Open Play - $20 Flat - Free with Basic & Premium Memberships,53028,All Levels w/ Challenge Court,2025-06-18T20:00:00,2025-06-18T22:00:00,36286033,#74d600,#000000,False,REDACTED,,12.0,,[],[],[]
1342350,Closed Courts,46821,Closed Courts,2025-06-18T22:00:00,2025-06-18T23:59:00,36139351,#707070,#f8eeee,False,REDACTED,,,,[],[],[]
1287090,Closed Courts,46821,Closed Courts,2025-06-19T07:00:00,2025-06-19T09:00:00,36135053,#707070,#f8eeee,False,REDACTED,,,,[],[],[]
1516644,Closed Courts,46821,Closed Courts,2025-06-19T07:00:00,2025-06-19T09:00:00,40294311,#707070,#f8eeee,False,REDACTED,,,,[],[],[]
1342508,3.5 - 3.5+ Open Play,40471, High Intermediate,2025-06-19T09:00:00,2025-06-19T11:00:00,36144741,#d69cbc,#1a1919,False,REDACTED,,10.0,,[],[],[]
1342657,3.0 - 3.5 Open Play,40472,Intermediate,2025-06-19T09:00:00,2025-06-19T11:00:00,36149723,#ffd3b6,#171717,False,REDACTED,,10.0,,[],[],[]
1342659,Advanced Beginner Open Play,40470,Advanced Beginner,2025-06-19T09:00:00,2025-06-19T11:00:00,36149847,#dcedc1,#000000,False,REDACTED,,6.0,,[],[],[]
1343043,Intro to Pickleball,61814,Intro to Pickleball,2025-06-19T10:00:00,2025-06-19T11:00:00,37054422,#a8e6cf,#000000,False,REDACTED,,8.0,,[],[],[]
1342336,3.5 - 3.5+ Open Play,40471, High Intermediate,2025-06-19T11:00:00,2025-06-19T13:00:00,36139150,#d69cbc,#1a1919,False,REDACTED,,10.0,,[],[],[]
1342357,3.0 - 3.5 Open Play,40472,Intermediate,2025-06-19T11:00:00,2025-06-19T13:00:00,36139752,#ffd3b6,#171717,False,REDACTED,,10.0,,[],[],[]
1284997,Glenn's Private Group,48032,Private Event,2025-06-19T11:00:00,2025-06-19T13:00:00,36425602,#a51662,#ffffff,False,REDACTED,,14.0,,[],[],[]
1342407,All Levels Open Play,53028,All Levels w/ Challenge Court,2025-06-19T13:00:00,2025-06-19T15:00:00,36141225,#74d600,#000000,False,REDACTED,,24.0,,[],[],[]
1342411,All Levels Open Play,53028,All Levels w/ Challenge Court,2025-06-19T15:00:00,2025-06-19T17:00:00,36141291,#74d600,#000000,False,REDACTED,,24.0,,[],[],[]
1343007,3.75+ Open Play,47676,Low Advanced,2025-06-19T18:00:00,2025-06-19T20:00:00,36167260,#51074a,#ffffff,False,REDACTED,,10.0,,[],[],[]
1343017,3.0 - 3.5 Open Play,40472,Intermediate,2025-06-19T18:00:00,2025-06-19T20:00:00,36167519,#ffd3b6,#171717,False,REDACTED,,10.0,,[],[],[]
1346785,ALL LEVELS Open Play - $20 Flat - Free with Basic & Premium Memberships,53028,All Levels w/ Challenge Court,2025-06-19T20:00:00,2025-06-19T23:45:00,37215872,#74d600,#000000,False,REDACTED,,12.0,,[],[],[]
1343092,3.5 - 3.5+ Open Play,40471, High Intermediate,2025-06-20T07:00:00,2025-06-20T09:00:00,36170289,#d69cbc,#1a1919,False,REDACTED,,10.0,,[],[],[]
1343094,3.75+ Open Play,47676,Low Advanced,2025-06-20T07:00:00,2025-06-20T09:00:00,36170324,#51074a,#ffffff,False,REDACTED,,10.0,,[],[],[]
1343097,4.0 Open Play,40425,Advanced,2025-06-20T07:00:00,2025-06-20T09:00:00,36170421,#121312,#ffffff,False,REDACTED,,10.0,,[],[],[]
1342508,3.5 - 3.5+ Open Play,40471, High Intermediate,2025-06-20T09:00:00,2025-06-20T11:00:00,36144742,#d69cbc,#1a1919,False,REDACTED,,10.0,,[],[],[]
1342657,3.0 - 3.5 Open Play,40472,Intermediate,2025-06-20T09:00:00,2025-06-20T11:00:00,36149724,#ffd3b6,#171717,False,REDACTED,,10.0,,[],[],[]
1342659,Advanced Beginner Open Play,40470,Advanced Beginner,2025-06-20T09:00:00,2025-06-20T11:00:00,36149848,#dcedc1,#000000,False,REDACTED,,6.0,,[],[],[]
1342336,3.5 - 3.5+ Open Play,40471, High Intermediate,2025-06-20T11:00:00,2025-06-20T13:00:00,36139151,#d69cbc,#1a1919,False,REDACTED,,10.0,,[],[],[]
1342357,3.0 - 3.5 Open Play,40472,Intermediate,2025-06-20T11:00:00,2025-06-20T13:00:00,36139753,#ffd3b6,#171717,False,REDACTED,,10.0,,[],[],[]
1342360,Advanced Beginner Open Play,40470,Advanced Beginner,2025-06-20T11:00:00,2025-06-20T13:00:00,36139826,#dcedc1,#000000,False,REDACTED,,6.0,,[],[],[]
1342407,All Levels Open Play,53028,All Levels w/ Challenge Court,2025-06-20T13:00:00,2025-06-20T15:00:00,36141226,#74d600,#000000,False,REDACTED,,24.0,,[],[],[]
1342411,All Levels Open Play,53028,All Levels w/ Challenge Court,2025-06-20T15:00:00,2025-06-20T17:00:00,36141292,#74d600,#000000,False,REDACTED,,24.0,,[],[],[]
1342499,All You Can Play $15 Flat - Free with Basic and Premium Memberships,53028,All Levels w/ Challenge Court,2025-06-20T17:00:00,2025-06-20T19:00:00,36144390,#74d600,#000000,False,REDACTED,,36.0,,[],[],[]
1342500,ALL LEVELS Open Play - $20 Flat - Free with Basic & Premium Memberships,53028,All Levels w/ Challenge Court,2025-06-20T19:00:00,2025-06-20T22:00:00,36144428,#74d600,#000000,False,REDACTED,,48.0,,[],[],[]
1342501,All You Can Play $15 Flat - Free with Basic and Premium Memberships,53028,All Levels w/ Challenge Court,2025-06-20T22:00:00,2025-06-20T23:59:00,36144463,#74d600,#000000,False,REDACTED,,48.0,,[],[],[]
1342453,4.0 Open Play,40425,Advanced,2025-06-21T07:00:00,2025-06-21T09:00:00,36142797,#121312,#ffffff,False,REDACTED,,14.0,,[],[],[]
1342457,3.75+ Open Play,47676,Low Advanced,2025-06-21T07:00:00,2025-06-21T09:00:00,36142884,#51074a,#ffffff,False,REDACTED,,14.0,,[],[],[]
1342230,3.75+ Open Play,47676,Low Advanced,2025-06-21T09:00:00,2025-06-21T11:00:00,36136656,#51074a,#ffffff,False,REDACTED,,10.0,,[],[],[]
1343043,Intro to Pickleball,61814,Intro to Pickleball,2025-06-21T10:00:00,2025-06-21T11:00:00,37054423,#a8e6cf,#000000,False,REDACTED,,8.0,,[],[],[]
1342266,3.0 - 3.5 Open Play,40472,Intermediate,2025-06-21T11:00:00,2025-06-21T13:00:00,36137482,#ffd3b6,#171717,False,REDACTED,,10.0,,[],[],[]
1342273,All You Can Play $15 Flat - Free with Basic and Premium Memberships,53028,All Levels w/ Challenge Court,2025-06-21T13:00:00,2025-06-21T15:00:00,36137645,#74d600,#000000,False,REDACTED,,24.0,,[],[],[]
1342289,ALL LEVELS Open Play - $20 Flat - Free with Basic & Premium Memberships,53028,All Levels w/ Challenge Court,2025-06-21T15:00:00,2025-06-21T18:00:00,36138055,#74d600,#000000,False,REDACTED,,42.0,,[],[],[]
1342216,Closed Courts,46821,Closed Courts,2025-06-21T18:00:00,2025-06-21T22:59:00,36135433,#707070,#f8eeee,False,REDACTED,,,,[],[],[]
1267427,4.25 Open Play,69929,Invitation Only Group,2025-06-22T07:00:00,2025-06-22T09:00:00,34343905,#95002a,#ffffff,False,REDACTED,,10.0,,[],[],[]
1342228,4.0 Open Play,40425,Advanced,2025-06-22T07:00:00,2025-06-22T09:00:00,36136585,#121312,#ffffff,False,REDACTED,,10.0,,[],[],[]
1342229,3.75+ Open Play,47676,Low Advanced,2025-06-22T07:00:00,2025-06-22T09:00:00,36136613,#51074a,#ffffff,False,REDACTED,,10.0,,[],[],[]
1342230,3.75+ Open Play,47676,Low Advanced,2025-06-22T09:00:00,2025-06-22T11:00:00,36136657,#51074a,#ffffff,False,REDACTED,,10.0,,[],[],[]
1352119,Shot of the Month Vol. 4 - Defending Lobs,68182,Barry F Coached Clinic,2025-06-22T10:00:00,2025-06-22T11:00:00,36488502,#1ba1e2,#ffffff,False,REDACTED,,5.0,,[],[],[]
1342254,3.5 - 3.5+ Open Play,40471, High Intermediate,2025-06-22T11:00:00,2025-06-22T13:00:00,36137277,#d69cbc,#1a1919,False,REDACTED,,10.0,,[],[],[]
1342266,3.0 - 3.5 Open Play,40472,Intermediate,2025-06-22T11:00:00,2025-06-22T13:00:00,36137483,#ffd3b6,#171717,False,REDACTED,,10.0,,[],[],[]
1342273,All You Can Play $15 Flat - Free with Basic and Premium Memberships,53028,All Levels w/ Challenge Court,2025-06-22T13:00:00,2025-06-22T15:00:00,36137646,#74d600,#000000,False,REDACTED,,24.0,,[],[],[]
1342326,ALL LEVELS Open Play - $20 Flat - Free with Basic & Premium Memberships,53028,All Levels w/ Challenge Court,2025-06-22T15:00:00,2025-06-22T18:00:00,36138910,#74d600,#000000,False,REDACTED,,42.0,,[],[],[]
1342289,ALL LEVELS Open Play - $20 Flat - Free with Basic & Premium Memberships,53028,All Levels w/ Challenge Court,2025-06-22T18:00:00,2025-06-22T21:00:00,36138056,#74d600,#000000,False,REDACTED,,42.0,,[],[],[]
1342216,Closed Courts,46821,Closed Courts,2025-06-22T21:00:00,2025-06-22T23:59:00,36135434,#707070,#f8eeee,False,REDACTED,,,,[],[],[]
1287090,Closed Courts,46821,Closed Courts,2025-06-23T07:00:00,2025-06-23T09:00:00,36135054,#707070,#f8eeee,False,REDACTED,,,,[],[],[]
1516644,Closed Courts,46821,Closed Courts,2025-06-23T07:00:00,2025-06-23T09:00:00,40294312,#707070,#f8eeee,False,REDACTED,,,,[],[],[]
1342508,3.5 - 3.5+ Open Play,40471, High Intermediate,2025-06-23T09:00:00,2025-06-23T11:00:00,36144743,#d69cbc,#1a1919,False,REDACTED,,10.0,,[],[],[]
1342657,3.0 - 3.5 Open Play,40472,Intermediate,2025-06-23T09:00:00,2025-06-23T11:00:00,36149725,#ffd3b6,#171717,False,REDACTED,,10.0,,[],[],[]
1342659,Advanced Beginner Open Play,40470,Advanced Beginner,2025-06-23T09:00:00,2025-06-23T11:00:00,36149849,#dcedc1,#000000,False,REDACTED,,6.0,,[],[],[]
1342336,3.5 - 3.5+ Open Play,40471, High Intermediate,2025-06-23T11:00:00,2025-06-23T13:00:00,36139152,#d69cbc,#1a1919,False,REDACTED,,10.0,,[],[],[]
1342357,3.0 - 3.5 Open Play,40472,Intermediate,2025-06-23T11:00:00,2025-06-23T13:00:00,36139754,#ffd3b6,#171717,False,REDACTED,,10.0,,[],[],[]
1342360,Advanced Beginner Open Play,40470,Advanced Beginner,2025-06-23T11:00:00,2025-06-23T13:00:00,36139827,#dcedc1,#000000,False,REDACTED,,6.0,,[],[],[]
1342407,All Levels Open Play,53028,All Levels w/ Challenge Court,2025-06-23T13:00:00,2025-06-23T15:00:00,36141227,#74d600,#000000,False,REDACTED,,24.0,,[],[],[]
1342411,All Levels Open Play,53028,All Levels w/ Challenge Court,2025-06-23T15:00:00,2025-06-23T17:00:00,36141293,#74d600,#000000,False,REDACTED,,24.0,,[],[],[]
1114751,High School - Open Play,65806,Highschool Open Play,2025-06-23T15:00:00,2025-06-23T17:00:00,36168415,#3439cc,#f7f6f6,False,REDACTED,,10.0,,[],[],[]
1343043,Intro to Pickleball,61814,Intro to Pickleball,2025-06-23T17:00:00,2025-06-23T18:00:00,36168447,#a8e6cf,#000000,False,REDACTED,,8.0,,[],[],[]
1343046,3.0 - 3.5 Open Play,40472,Intermediate,2025-06-23T18:00:00,2025-06-23T20:00:00,36168575,#ffd3b6,#171717,False,REDACTED,,6.0,,[],[],[]
1343054,3.75+ Open Play,47676,Low Advanced,2025-06-23T18:00:00,2025-06-23T20:00:00,36168900,#51074a,#ffffff,False,REDACTED,,6.0,,[],[],[]
1343087,Ladies Night High Intermediate,40471, High Intermediate,2025-06-23T18:00:00,2025-06-23T20:00:00,37218227,#d69cbc,#1a1919,False,REDACTED,,18.0,,[],[],[]
1343070,3.75+ Open Play,47676,Low Advanced,2025-06-23T20:00:00,2025-06-23T22:00:00,36169521,#51074a,#ffffff,False,REDACTED,,6.0,,[],[],[]
1343071,4.0 Open Play,40425,Advanced,2025-06-23T20:00:00,2025-06-23T22:00:00,36169570,#121312,#ffffff,False,REDACTED,,6.0,,[],[],[]
1387367,ALL LEVELS Open Play - $15 Flat - Free with Basic & Premium Memberships,53028,All Levels w/ Challenge Court,2025-06-23T20:00:00,2025-06-23T22:00:00,37386427,#74d600,#000000,False,REDACTED,,12.0,,[],[],[]
1342350,Closed Courts,46821,Closed Courts,2025-06-23T22:00:00,2025-06-23T23:59:00,36139352,#707070,#f8eeee,False,REDACTED,,,,[],[],[]
1287090,Closed Courts,46821,Closed Courts,2025-06-24T07:00:00,2025-06-24T09:00:00,36135055,#707070,#f8eeee,False,REDACTED,,,,[],[],[]
1516644,Closed Courts,46821,Closed Courts,2025-06-24T07:00:00,2025-06-24T09:00:00,40294313,#707070,#f8eeee,False,REDACTED,,,,[],[],[]
1227480,All Levels Open Play,53028,All Levels w/ Challenge Court,2025-06-24T09:00:00,2025-06-24T11:00:00,33674334,#74d600,#000000,False,REDACTED,,36.0,,[],[],[]
1342336,3.5 - 3.5+ Open Play,40471, High Intermediate,2025-06-24T11:00:00,2025-06-24T13:00:00,36139153,#d69cbc,#1a1919,False,REDACTED,,10.0,,[],[],[]
1342357,3.0 - 3.5 Open Play,40472,Intermediate,2025-06-24T11:00:00,2025-06-24T13:00:00,36139755,#ffd3b6,#171717,False,REDACTED,,10.0,,[],[],[]
1342360,Advanced Beginner Open Play,40470,Advanced Beginner,2025-06-24T11:00:00,2025-06-24T13:00:00,36139828,#dcedc1,#000000,False,REDACTED,,6.0,,[],[],[]
1284997,Glenn's Private Group,48032,Private Event,2025-06-24T11:00:00,2025-06-24T13:00:00,36425603,#a51662,#ffffff,False,REDACTED,,14.0,,[],[],[]
1342363,3.5 - 3.5+ Open Play,40471, High Intermediate,2025-06-24T13:00:00,2025-06-24T15:00:00,36139902,#d69cbc,#1a1919,False,REDACTED,,10.0,,[],[],[]
1342484,3.0 - 3.5 Open Play,40472,Intermediate,2025-06-24T13:00:00,2025-06-24T15:00:00,36144010,#ffd3b6,#171717,False,REDACTED,,10.0,,[],[],[]
1342486,Advanced Beginner Open Play,40470,Advanced Beginner,2025-06-24T13:00:00,2025-06-24T15:00:00,36144097,#dcedc1,#000000,False,REDACTED,,6.0,,[],[],[]
1342411,All Levels Open Play,53028,All Levels w/ Challenge Court,2025-06-24T15:00:00,2025-06-24T17:00:00,36141294,#74d600,#000000,False,REDACTED,,24.0,,[],[],[]
1224311,Beginner Open Play (Unsupervised),61862,Beginner Open Play,2025-06-24T17:00:00,2025-06-24T18:00:00,33570346,#dcedc1,#000000,False,REDACTED,,8.0,,[],[],[]
1342662,3.75+ Open Play,47676,Low Advanced,2025-06-24T18:00:00,2025-06-24T20:00:00,36150045,#51074a,#ffffff,False,REDACTED,,6.0,,[],[],[]
1342664,3.5 - 3.5+ Open Play,40471, High Intermediate,2025-06-24T18:00:00,2025-06-24T20:00:00,36150133,#d69cbc,#1a1919,False,REDACTED,,10.0,,[],[],[]
1342666,3.0 - 3.5 Open Play,40472,Intermediate,2025-06-24T18:00:00,2025-06-24T20:00:00,36150194,#ffd3b6,#171717,False,REDACTED,,10.0,,[],[],[]
1360317,Honcho League,40475,Leagues ,2025-06-24T18:00:00,2025-06-24T22:00:00,36794040,#11e2bb,#0f0f0f,False,REDACTED,,1.0,,[],[],[]
1342492,4.0 Open Play,40425,Advanced,2025-06-24T20:00:00,2025-06-24T22:00:00,36144209,#121312,#ffffff,False,REDACTED,,10.0,,[],[],[]
1388432,ALL LEVELS Open Play - $20 Flat - Free with Basic & Premium Memberships,53028,All Levels w/ Challenge Court,2025-06-24T20:00:00,2025-06-24T23:59:00,37418991,#74d600,#000000,False,REDACTED,,12.0,,[],[],[]
1342674,ALL LEVELS Open Play - $20 Flat - Free with Basic & Premium Memberships,53028,All Levels w/ Challenge Court,2025-06-24T22:00:00,2025-06-24T23:59:00,36150609,#74d600,#000000,False,REDACTED,,48.0,,[],[],[]
1287090,Closed Courts,46821,Closed Courts,2025-06-25T07:00:00,2025-06-25T09:00:00,36135056,#707070,#f8eeee,False,REDACTED,,,,[],[],[]
1516644,Closed Courts,46821,Closed Courts,2025-06-25T07:00:00,2025-06-25T09:00:00,40294314,#707070,#f8eeee,False,REDACTED,,,,[],[],[]
1342508,3.5 - 3.5+ Open Play,40471, High Intermediate,2025-06-25T09:00:00,2025-06-25T11:00:00,36144744,#d69cbc,#1a1919,False,REDACTED,,10.0,,[],[],[]
1342657,3.0 - 3.5 Open Play,40472,Intermediate,2025-06-25T09:00:00,2025-06-25T11:00:00,36149726,#ffd3b6,#171717,False,REDACTED,,10.0,,[],[],[]
1342336,3.5 - 3.5+ Open Play,40471, High Intermediate,2025-06-25T11:00:00,2025-06-25T13:00:00,36139154,#d69cbc,#1a1919,False,REDACTED,,10.0,,[],[],[]
1342357,3.0 - 3.5 Open Play,40472,Intermediate,2025-06-25T11:00:00,2025-06-25T13:00:00,36139756,#ffd3b6,#171717,False,REDACTED,,10.0,,[],[],[]
1342407,All Levels Open Play,53028,All Levels w/ Challenge Court,2025-06-25T13:00:00,2025-06-25T15:00:00,36141228,#74d600,#000000,False,REDACTED,,24.0,,[],[],[]
1342411,All Levels Open Play,53028,All Levels w/ Challenge Court,2025-06-25T15:00:00,2025-06-25T17:00:00,36141295,#74d600,#000000,False,REDACTED,,24.0,,[],[],[]
1343043,Intro to Pickleball,61814,Intro to Pickleball,2025-06-25T17:00:00,2025-06-25T18:00:00,37054256,#a8e6cf,#000000,False,REDACTED,,8.0,,[],[],[]
1365127,Molex Event,48032,Private Event,2025-06-25T17:30:00,2025-06-25T19:30:00,36954227,#a51662,#ffffff,False,REDACTED,,22.0,,[],[],[]
1342720,3.0 - 3.5 Open Play,40472,Intermediate,2025-06-25T18:00:00,2025-06-25T20:00:00,36154584,#ffd3b6,#171717,False,REDACTED,,10.0,,[],[],[]
1343087,Ladies Night High Intermediate,40471, High Intermediate,2025-06-25T18:00:00,2025-06-25T20:00:00,36170194,#d69cbc,#1a1919,False,REDACTED,,18.0,,[],[],[]
1342723,3.75+ Open Play,47676,Low Advanced,2025-06-25T20:00:00,2025-06-25T22:00:00,36154686,#51074a,#ffffff,False,REDACTED,,10.0,,[],[],[]
1342724,4.0 Open Play,40425,Advanced,2025-06-25T20:00:00,2025-06-25T22:00:00,36154737,#121312,#ffffff,False,REDACTED,,10.0,,[],[],[]
1342729,4.25 Open Play,69929,Invitation Only Group,2025-06-25T20:00:00,2025-06-25T22:00:00,36154849,#95002a,#ffffff,False,REDACTED,,10.0,,[],[],[]
1346785,ALL LEVELS Open Play - $20 Flat - Free with Basic & Premium Memberships,53028,All Levels w/ Challenge Court,2025-06-25T20:00:00,2025-06-25T22:00:00,36286034,#74d600,#000000,False,REDACTED,,12.0,,[],[],[]
1342350,Closed Courts,46821,Closed Courts,2025-06-25T22:00:00,2025-06-25T23:59:00,36139353,#707070,#f8eeee,False,REDACTED,,,,[],[],[]
1287090,Closed Courts,46821,Closed Courts,2025-06-26T07:00:00,2025-06-26T09:00:00,36135057,#707070,#f8eeee,False,REDACTED,,,,[],[],[]
1516644,Closed Courts,46821,Closed Courts,2025-06-26T07:00:00,2025-06-26T09:00:00,40294315,#707070,#f8eeee,False,REDACTED,,,,[],[],[]
1342508,3.5 - 3.5+ Open Play,40471, High Intermediate,2025-06-26T09:00:00,2025-06-26T11:00:00,36144745,#d69cbc,#1a1919,False,REDACTED,,10.0,,[],[],[]
1342657,3.0 - 3.5 Open Play,40472,Intermediate,2025-06-26T09:00:00,2025-06-26T11:00:00,36149727,#ffd3b6,#171717,False,REDACTED,,10.0,,[],[],[]
1342659,Advanced Beginner Open Play,40470,Advanced Beginner,2025-06-26T09:00:00,2025-06-26T11:00:00,36149851,#dcedc1,#000000,False,REDACTED,,6.0,,[],[],[]
1343043,Intro to Pickleball,61814,Intro to Pickleball,2025-06-26T10:00:00,2025-06-26T11:00:00,37054424,#a8e6cf,#000000,False,REDACTED,,8.0,,[],[],[]
1342336,3.5 - 3.5+ Open Play,40471, High Intermediate,2025-06-26T11:00:00,2025-06-26T13:00:00,36139155,#d69cbc,#1a1919,False,REDACTED,,10.0,,[],[],[]
1342357,3.0 - 3.5 Open Play,40472,Intermediate,2025-06-26T11:00:00,2025-06-26T13:00:00,36139757,#ffd3b6,#171717,False,REDACTED,,10.0,,[],[],[]
1284997,Glenn's Private Group,48032,Private Event,2025-06-26T11:00:00,2025-06-26T13:00:00,36425604,#a51662,#ffffff,False,REDACTED,,14.0,,[],[],[]
1342407,All Levels Open Play,53028,All Levels w/ Challenge Court,2025-06-26T13:00:00,2025-06-26T15:00:00,36141229,#74d600,#000000,False,REDACTED,,24.0,,[],[],[]
1342411,All Levels Open Play,53028,All Levels w/ Challenge Court,2025-06-26T15:00:00,2025-06-26T17:00:00,36141296,#74d600,#000000,False,REDACTED,,24.0,,[],[],[]
1343007,3.75+ Open Play,47676,Low Advanced,2025-06-26T18:00:00,2025-06-26T20:00:00,36167261,#51074a,#ffffff,False,REDACTED,,10.0,,[],[],[]
1343008,Open Play High Intermediate 3.5,40471, High Intermediate,2025-06-26T18:00:00,2025-06-26T20:00:00,36167300,#d69cbc,#1a1919,False,REDACTED,,10.0,,[],[],[]
1343017,3.0 - 3.5 Open Play,40472,Intermediate,2025-06-26T18:00:00,2025-06-26T20:00:00,36167520,#ffd3b6,#171717,False,REDACTED,,10.0,,[],[],[]
1382647,Cross Club 4.0-4.5 Tryout,51017,Cross Club Events,2025-06-26T19:00:00,2025-06-26T21:00:00,37223178,#eae323,#100f0f,False,REDACTED,,16.0,,[],[],[]
1343030,4.0 Open Play,40425,Advanced,2025-06-26T20:00:00,2025-06-26T22:00:00,36168031,#121312,#ffffff,False,REDACTED,,10.0,,[],[],[]
1343033,3.75+ Open Play,47676,Low Advanced,2025-06-26T20:00:00,2025-06-26T22:00:00,36168088,#51074a,#ffffff,False,REDACTED,,10.0,,[],[],[]
1382678,ALL LEVELS Open Play - $20 Flat - Free with Basic & Premium Memberships,53028,All Levels w/ Challenge Court,2025-06-26T21:00:00,2025-06-26T23:59:00,37223764,#74d600,#000000,False,REDACTED,,12.0,,[],[],[]
1343024,ALL LEVELS Open Play - $15 Flat - Free with Basic & Premium Memberships,53028,All Levels w/ Challenge Court,2025-06-26T22:00:00,2025-06-26T23:59:00,36167721,#74d600,#000000,False,REDACTED,,24.0,,[],[],[]
1343092,3.5 - 3.5+ Open Play,40471, High Intermediate,2025-06-27T07:00:00,2025-06-27T09:00:00,36170290,#d69cbc,#1a1919,False,REDACTED,,10.0,,[],[],[]
1343094,3.75+ Open Play,47676,Low Advanced,2025-06-27T07:00:00,2025-06-27T09:00:00,36170325,#51074a,#ffffff,False,REDACTED,,10.0,,[],[],[]
1343097,4.0 Open Play,40425,Advanced,2025-06-27T07:00:00,2025-06-27T09:00:00,36170422,#121312,#ffffff,False,REDACTED,,10.0,,[],[],[]
1342508,3.5 - 3.5+ Open Play,40471, High Intermediate,2025-06-27T09:00:00,2025-06-27T11:00:00,36144746,#d69cbc,#1a1919,False,REDACTED,,10.0,,[],[],[]
1342657,3.0 - 3.5 Open Play,40472,Intermediate,2025-06-27T09:00:00,2025-06-27T11:00:00,36149728,#ffd3b6,#171717,False,REDACTED,,10.0,,[],[],[]
1342659,Advanced Beginner Open Play,40470,Advanced Beginner,2025-06-27T09:00:00,2025-06-27T11:00:00,36149852,#dcedc1,#000000,False,REDACTED,,6.0,,[],[],[]
1342336,3.5 - 3.5+ Open Play,40471, High Intermediate,2025-06-27T11:00:00,2025-06-27T13:00:00,36139156,#d69cbc,#1a1919,False,REDACTED,,10.0,,[],[],[]
1342357,3.0 - 3.5 Open Play,40472,Intermediate,2025-06-27T11:00:00,2025-06-27T13:00:00,36139758,#ffd3b6,#171717,False,REDACTED,,10.0,,[],[],[]
1342360,Advanced Beginner Open Play,40470,Advanced Beginner,2025-06-27T11:00:00,2025-06-27T13:00:00,36139831,#dcedc1,#000000,False,REDACTED,,6.0,,[],[],[]
1342407,All Levels Open Play,53028,All Levels w/ Challenge Court,2025-06-27T13:00:00,2025-06-27T15:00:00,36141230,#74d600,#000000,False,REDACTED,,24.0,,[],[],[]
1342411,All Levels Open Play,53028,All Levels w/ Challenge Court,2025-06-27T15:00:00,2025-06-27T17:00:00,36141297,#74d600,#000000,False,REDACTED,,24.0,,[],[],[]
1342499,All You Can Play $15 Flat - Free with Basic and Premium Memberships,53028,All Levels w/ Challenge Court,2025-06-27T17:00:00,2025-06-27T19:00:00,36144391,#74d600,#000000,False,REDACTED,,36.0,,[],[],[]
1342500,ALL LEVELS Open Play - $20 Flat - Free with Basic & Premium Memberships,53028,All Levels w/ Challenge Court,2025-06-27T19:00:00,2025-06-27T22:00:00,36144429,#74d600,#000000,False,REDACTED,,48.0,,[],[],[]
1393214,Closed Courts,46821,Closed Courts,2025-06-27T22:00:00,2025-06-27T23:59:00,37561694,#707070,#f8eeee,False,REDACTED,,,,[],[],[]
1342451,4.25 Open Play,69929,Invitation Only Group,2025-06-28T07:00:00,2025-06-28T09:00:00,36142705,#95002a,#ffffff,False,REDACTED,,10.0,,[],[],[]
1342453,4.0 Open Play,40425,Advanced,2025-06-28T07:00:00,2025-06-28T09:00:00,36142798,#121312,#ffffff,False,REDACTED,,14.0,,[],[],[]
1342457,3.75+ Open Play,47676,Low Advanced,2025-06-28T07:00:00,2025-06-28T09:00:00,36142885,#51074a,#ffffff,False,REDACTED,,14.0,,[],[],[]
1382590,Cross Club 3.0-3.5 Tryout,51017,Cross Club Events,2025-06-28T09:00:00,2025-06-28T11:00:00,37221107,#eae323,#100f0f,False,REDACTED,,16.0,,[],[],[]
1348959,Private Event,48032,Private Event,2025-06-28T10:00:00,2025-06-28T11:00:00,36359763,#a51662,#ffffff,False,REDACTED,,25.0,,[],[],[]
1343043,Intro to Pickleball,61814,Intro to Pickleball,2025-06-28T10:00:00,2025-06-28T11:00:00,37054425,#a8e6cf,#000000,False,REDACTED,,8.0,,[],[],[]
1348974,3.0 - 3.5 Open Play,40472,Intermediate,2025-06-28T11:00:00,2025-06-28T13:00:00,36360377,#ffd3b6,#171717,False,REDACTED,,10.0,,[],[],[]
1348977,3.75+ Open Play,47676,Low Advanced,2025-06-28T11:00:00,2025-06-28T13:00:00,36360560,#51074a,#ffffff,False,REDACTED,,6.0,,[],[],[]
1342230,3.75+ Open Play,47676,Low Advanced,2025-06-28T13:00:00,2025-06-28T15:00:00,36136658,#51074a,#ffffff,False,REDACTED,,10.0,,[],[],[]
1342266,3.0 - 3.5 Open Play,40472,Intermediate,2025-06-28T13:00:00,2025-06-28T15:00:00,36137484,#ffd3b6,#171717,False,REDACTED,,10.0,,[],[],[]
1342273,All You Can Play $15 Flat - Free with Basic and Premium Memberships,53028,All Levels w/ Challenge Court,2025-06-28T13:00:00,2025-06-28T15:00:00,36137647,#74d600,#000000,False,REDACTED,,24.0,,[],[],[]
1342289,ALL LEVELS Open Play - $20 Flat - Free with Basic & Premium Memberships,53028,All Levels w/ Challenge Court,2025-06-28T15:00:00,2025-06-28T18:00:00,36138057,#74d600,#000000,False,REDACTED,,42.0,,[],[],[]
1342216,Closed Courts,46821,Closed Courts,2025-06-28T18:00:00,2025-06-28T23:59:00,36135435,#707070,#f8eeee,False,REDACTED,,,,[],[],[]
1267427,4.25 Open Play,69929,Invitation Only Group,2025-06-29T07:00:00,2025-06-29T09:00:00,34343906,#95002a,#ffffff,False,REDACTED,,10.0,,[],[],[]
1342229,3.75+ Open Play,47676,Low Advanced,2025-06-29T07:00:00,2025-06-29T09:00:00,36136614,#51074a,#ffffff,False,REDACTED,,10.0,,[],[],[]
1382633,Cross Club (50+) 3.5-4.0 Tryout,51017,Cross Club Events,2025-06-29T09:00:00,2025-06-29T11:00:00,37222818,#eae323,#100f0f,False,REDACTED,,16.0,,[],[],[]
1342254,3.5 - 3.5+ Open Play,40471, High Intermediate,2025-06-29T11:00:00,2025-06-29T13:00:00,36137278,#d69cbc,#1a1919,False,REDACTED,,10.0,,[],[],[]
1342266,3.0 - 3.5 Open Play,40472,Intermediate,2025-06-29T11:00:00,2025-06-29T13:00:00,36137485,#ffd3b6,#171717,False,REDACTED,,10.0,,[],[],[]
1342273,All You Can Play $15 Flat - Free with Basic and Premium Memberships,53028,All Levels w/ Challenge Court,2025-06-29T13:00:00,2025-06-29T15:00:00,36137648,#74d600,#000000,False,REDACTED,,24.0,,[],[],[]
1342289,ALL LEVELS Open Play - $20 Flat - Free with Basic & Premium Memberships,53028,All Levels w/ Challenge Court,2025-06-29T15:00:00,2025-06-29T18:00:00,36138058,#74d600,#000000,False,REDACTED,,42.0,,[],[],[]
1342326,ALL LEVELS Open Play - $20 Flat - Free with Basic & Premium Memberships,53028,All Levels w/ Challenge Court,2025-06-29T18:00:00,2025-06-29T21:00:00,36138912,#74d600,#000000,False,REDACTED,,42.0,,[],[],[]
1342216,Closed Courts,46821,Closed Courts,2025-06-29T21:00:00,2025-06-29T23:59:00,36135436,#707070,#f8eeee,False,REDACTED,,,,[],[],[]
1287090,Closed Courts,46821,Closed Courts,2025-06-30T07:00:00,2025-06-30T09:00:00,36135058,#707070,#f8eeee,False,REDACTED,,,,[],[],[]
1516644,Closed Courts,46821,Closed Courts,2025-06-30T07:00:00,2025-06-30T09:00:00,40294316,#707070,#f8eeee,False,REDACTED,,,,[],[],[]
1342508,3.5 - 3.5+ Open Play,40471, High Intermediate,2025-06-30T09:00:00,2025-06-30T11:00:00,36144747,#d69cbc,#1a1919,False,REDACTED,,10.0,,[],[],[]
1342657,3.0 - 3.5 Open Play,40472,Intermediate,2025-06-30T09:00:00,2025-06-30T11:00:00,36149729,#ffd3b6,#171717,False,REDACTED,,10.0,,[],[],[]
1342659,Advanced Beginner Open Play,40470,Advanced Beginner,2025-06-30T09:00:00,2025-06-30T11:00:00,36149853,#dcedc1,#000000,False,REDACTED,,6.0,,[],[],[]
1342336,3.5 - 3.5+ Open Play,40471, High Intermediate,2025-06-30T11:00:00,2025-06-30T13:00:00,36139157,#d69cbc,#1a1919,False,REDACTED,,10.0,,[],[],[]
1342357,3.0 - 3.5 Open Play,40472,Intermediate,2025-06-30T11:00:00,2025-06-30T13:00:00,36139759,#ffd3b6,#171717,False,REDACTED,,10.0,,[],[],[]
1342360,Advanced Beginner Open Play,40470,Advanced Beginner,2025-06-30T11:00:00,2025-06-30T13:00:00,36139832,#dcedc1,#000000,False,REDACTED,,6.0,,[],[],[]
1342407,All Levels Open Play,53028,All Levels w/ Challenge Court,2025-06-30T13:00:00,2025-06-30T15:00:00,36141231,#74d600,#000000,False,REDACTED,,24.0,,[],[],[]
1342411,All Levels Open Play,53028,All Levels w/ Challenge Court,2025-06-30T15:00:00,2025-06-30T17:00:00,36141298,#74d600,#000000,False,REDACTED,,24.0,,[],[],[]
1114751,High School - Open Play,65806,Highschool Open Play,2025-06-30T15:00:00,2025-06-30T17:00:00,36168416,#3439cc,#f7f6f6,False,REDACTED,,10.0,,[],[],[]
1343043,Intro to Pickleball,61814,Intro to Pickleball,2025-06-30T17:00:00,2025-06-30T18:00:00,36168448,#a8e6cf,#000000,False,REDACTED,,8.0,,[],[],[]
1343046,3.0 - 3.5 Open Play,40472,Intermediate,2025-06-30T18:00:00,2025-06-30T20:00:00,36168576,#ffd3b6,#171717,False,REDACTED,,6.0,,[],[],[]
1343049,3.5 - 3.5+ Open Play,40471, High Intermediate,2025-06-30T18:00:00,2025-06-30T20:00:00,36168696,#d69cbc,#1a1919,False,REDACTED,,10.0,,[],[],[]
1343087,Ladies Night High Intermediate,40471, High Intermediate,2025-06-30T18:00:00,2025-06-30T20:00:00,37218228,#d69cbc,#1a1919,False,REDACTED,,18.0,,[],[],[]
1343070,3.75+ Open Play,47676,Low Advanced,2025-06-30T20:00:00,2025-06-30T22:00:00,36169522,#51074a,#ffffff,False,REDACTED,,6.0,,[],[],[]
1343071,4.0 Open Play,40425,Advanced,2025-06-30T20:00:00,2025-06-30T22:00:00,36169571,#121312,#ffffff,False,REDACTED,,6.0,,[],[],[]
1342350,Closed Courts,46821,Closed Courts,2025-06-30T22:00:00,2025-06-30T23:59:00,36139354,#707070,#f8eeee,False,REDACTED,,,,[],[],[]
